"Station Name","VANCOUVER INTL A"
"Province","BRITISH COLUMBIA"
"Latitude","49.19"
"Longitude","-123.18"
"Elevation","4.30"
"Climate Identifier","1108395"
"WMO Identifier","71892"
"TC Identifier","YVR"
"All times are specified in Local Standard Time (LST). Add 1 hour to adjust for Daylight Saving Time where and when it is observed."

"Legend"
"M","Missing"
"E","Estimated"
"NA","Not Available"
"**","Partner data that is not subject to review by the National Climate Archives"

"Date/Time","Year","Month","Day","Time","Data Quality","Temp (°C)","Temp Flag","Dew Point Temp (°C)","Dew Point Temp Flag","Rel Hum (%)","Rel Hum Flag","Wind Dir (10s deg)","Wind Dir Flag","Wind Spd (km/h)","Wind Spd Flag","Visibility (km)","Visibility Flag","Stn Press (kPa)","Stn Press Flag","Hmdx","Hmdx Flag","Wind Chill","Wind Chill Flag","Weather"
"2013-09-01 00:00","2013","09","01","00:00","**","15.9","","14.6","","92","","34","","8","","32.2","","101.03","","","","","","NA"
"2013-09-01 01:00","2013","09","01","01:00","**","16.2","","14.4","","89","","4","","1","","32.2","","101.04","","","","","","Clear"
"2013-09-01 02:00","2013","09","01","02:00","**","15.7","","14.1","","90","","7","","7","","32.2","","101.05","","","","","","NA"
"2013-09-01 03:00","2013","09","01","03:00","**","14.1","","13.2","","94","","16","","10","","32.2","","101.07","","","","","","NA"
"2013-09-01 04:00","2013","09","01","04:00","**","15.1","","14.2","","94","","11","","5","","32.2","","101.08","","","","","","Mainly Clear"
"2013-09-01 05:00","2013","09","01","05:00","**","15.1","","14.2","","94","","8","","8","","32.2","","101.13","","","","","","NA"
"2013-09-01 06:00","2013","09","01","06:00","**","15.1","","13.7","","91","","9","","8","","48.3","","101.14","","","","","","NA"
"2013-09-01 07:00","2013","09","01","07:00","**","16.3","","14.5","","89","","12","","14","","48.3","","101.12","","","","","","Mainly Clear"
"2013-09-01 08:00","2013","09","01","08:00","**","18.1","","15.0","","82","","14","","11","","48.3","","101.13","","","","","","NA"
"2013-09-01 09:00","2013","09","01","09:00","**","19.8","","15.3","","75","","14","","6","","48.3","","101.11","","","","","","NA"
"2013-09-01 10:00","2013","09","01","10:00","**","20.1","","16.2","","78","","23","","5","","48.3","","101.09","","25","","","","Mostly Cloudy"
"2013-09-01 11:00","2013","09","01","11:00","**","20.7","","16.0","","74","","24","","14","","48.3","","101.05","","25","","","","NA"
"2013-09-01 12:00","2013","09","01","12:00","**","21.1","","13.6","","62","","27","","11","","48.3","","101.03","","","","","","NA"
"2013-09-01 13:00","2013","09","01","13:00","**","21.9","","13.9","","60","","24","","12","","48.3","","100.97","","25","","","","Mainly Clear"
"2013-09-01 14:00","2013","09","01","14:00","**","22.4","","13.9","","58","","26","","9","","48.3","","100.91","","26","","","","NA"
"2013-09-01 15:00","2013","09","01","15:00","**","21.9","","14.2","","61","","24","","12","","48.3","","100.87","","25","","","","NA"
"2013-09-01 16:00","2013","09","01","16:00","**","22.0","","14.5","","62","","25","","7","","48.3","","100.84","","26","","","","Mostly Cloudy"
"2013-09-01 17:00","2013","09","01","17:00","**","20.9","","13.9","","64","","25","","8","","48.3","","100.83","","","","","","NA"
"2013-09-01 18:00","2013","09","01","18:00","**","21.2","","14.7","","66","","18","","9","","48.3","","100.86","","25","","","","NA"
"2013-09-01 19:00","2013","09","01","19:00","**","19.8","","14.3","","70","","16","","9","","32.2","","100.91","","","","","","Mainly Clear"
"2013-09-01 20:00","2013","09","01","20:00","**","18.8","","13.7","","72","","10","","9","","32.2","","100.95","","","","","","NA"
"2013-09-01 21:00","2013","09","01","21:00","**","18.9","","13.8","","72","","11","","15","","32.2","","100.99","","","","","","NA"
"2013-09-01 22:00","2013","09","01","22:00","**","18.2","","13.6","","74","","9","","9","","32.2","","101.02","","","","","","Mainly Clear"
"2013-09-01 23:00","2013","09","01","23:00","**","18.0","","13.6","","75","","10","","11","","32.2","","101.02","","","","","","NA"
"2013-09-02 00:00","2013","09","02","00:00","**","17.2","","14.0","","81","","12","","11","","24.1","","101.08","","","","","","NA"
"2013-09-02 01:00","2013","09","02","01:00","**","17.5","","13.9","","79","","9","","7","","24.1","","101.12","","","","","","Mostly Cloudy"
"2013-09-02 02:00","2013","09","02","02:00","**","16.6","","13.6","","82","","10","","10","","24.1","","101.12","","","","","","NA"
"2013-09-02 03:00","2013","09","02","03:00","**","16.5","","13.6","","83","","9","","10","","24.1","","101.11","","","","","","NA"
"2013-09-02 04:00","2013","09","02","04:00","**","16.0","","13.7","","86","","11","","12","","24.1","","101.12","","","","","","Mostly Cloudy"
"2013-09-02 05:00","2013","09","02","05:00","**","16.6","","14.3","","86","","9","","7","","24.1","","101.14","","","","","","NA"
"2013-09-02 06:00","2013","09","02","06:00","**","17.5","","14.1","","80","","6","","14","","32.2","","101.08","","","","","","Rain Showers"
"2013-09-02 07:00","2013","09","02","07:00","**","16.8","","14.8","","88","","8","","9","","32.2","","101.21","","","","","","Rain Showers"
"2013-09-02 08:00","2013","09","02","08:00","**","17.5","","15.5","","88","","16","","5","","32.2","","101.24","","","","","","NA"
"2013-09-02 09:00","2013","09","02","09:00","**","18.4","","16.2","","87","","20","","8","","32.2","","101.23","","","","","","NA"
"2013-09-02 10:00","2013","09","02","10:00","**","19.0","","17.0","","88","","27","","13","","32.2","","101.20","","","","","","Mostly Cloudy"
"2013-09-02 11:00","2013","09","02","11:00","**","19.1","","16.9","","87","","24","","10","","32.2","","101.17","","","","","","NA"
"2013-09-02 12:00","2013","09","02","12:00","**","20.5","","16.8","","79","","31","","16","","32.2","","101.15","","26","","","","NA"
"2013-09-02 13:00","2013","09","02","13:00","**","19.9","","17.0","","83","","27","","18","","32.2","","101.16","","","","","","Mostly Cloudy"
"2013-09-02 14:00","2013","09","02","14:00","**","19.9","","16.2","","79","","26","","14","","32.2","","101.15","","","","","","NA"
"2013-09-02 15:00","2013","09","02","15:00","**","20.2","","16.1","","77","","26","","9","","32.2","","101.14","","25","","","","NA"
"2013-09-02 16:00","2013","09","02","16:00","**","21.0","","15.4","","70","","24","","8","","48.3","","101.13","","25","","","","Mostly Cloudy"
"2013-09-02 17:00","2013","09","02","17:00","**","21.7","","15.2","","66","","31","","4","","32.2","","101.10","","26","","","","NA"
"2013-09-02 18:00","2013","09","02","18:00","**","20.2","","15.9","","76","","32","","5","","32.2","","101.10","","25","","","","NA"
"2013-09-02 19:00","2013","09","02","19:00","**","18.9","","15.8","","82","","22","","9","","32.2","","101.16","","","","","","Mostly Cloudy"
"2013-09-02 20:00","2013","09","02","20:00","**","17.7","","16.2","","91","","33","","5","","32.2","","101.20","","","","","","NA"
"2013-09-02 21:00","2013","09","02","21:00","**","17.6","","16.3","","92","","31","","1","","32.2","","101.26","","","","","","NA"
"2013-09-02 22:00","2013","09","02","22:00","**","18.1","","15.6","","85","","6","","8","","32.2","","101.28","","","","","","Mainly Clear"
"2013-09-02 23:00","2013","09","02","23:00","**","17.4","","15.1","","86","","36","","3","","32.2","","101.33","","","","","","NA"
"2013-09-03 00:00","2013","09","03","00:00","**","16.5","","14.5","","88","","14","","4","","32.2","","101.37","","","","","","NA"
"2013-09-03 01:00","2013","09","03","01:00","**","15.4","","14.0","","91","","36","","3","","32.2","","101.37","","","","","","Mainly Clear"
"2013-09-03 02:00","2013","09","03","02:00","**","16.3","","14.5","","89","","12","","1","","32.2","","101.37","","","","","","NA"
"2013-09-03 03:00","2013","09","03","03:00","**","15.1","","14.3","","95","","15","","3","","32.2","","101.37","","","","","","NA"
"2013-09-03 04:00","2013","09","03","04:00","**","15.9","","14.8","","93","","9","","5","","24.1","","101.37","","","","","","Rain Showers"
"2013-09-03 05:00","2013","09","03","05:00","**","16.1","","15.3","","95","","2","","8","","24.1","","101.39","","","","","","Rain Showers"
"2013-09-03 06:00","2013","09","03","06:00","**","15.8","","15.2","","96","","32","","4","","24.1","","101.44","","","","","","Rain Showers"
"2013-09-03 07:00","2013","09","03","07:00","**","16.2","","15.6","","96","","16","","8","","24.1","","101.52","","","","","","Rain Showers"
"2013-09-03 08:00","2013","09","03","08:00","**","16.6","","16.1","","97","","5","","13","","8.1","","101.52","","","","","","Rain Showers,Fog"
"2013-09-03 09:00","2013","09","03","09:00","**","17.0","","16.2","","95","","11","","6","","32.2","","101.49","","","","","","Rain Showers"
"2013-09-03 10:00","2013","09","03","10:00","**","18.2","","16.7","","91","","19","","5","","32.2","","101.52","","","","","","Cloudy"
"2013-09-03 11:00","2013","09","03","11:00","**","17.4","","16.4","","94","","23","","16","","32.2","","101.57","","","","","","Rain Showers"
"2013-09-03 12:00","2013","09","03","12:00","**","17.8","","16.7","","93","","25","","14","","24.1","","101.59","","","","","","Rain Showers"
"2013-09-03 13:00","2013","09","03","13:00","**","18.6","","16.4","","87","","29","","5","","24.1","","101.58","","","","","","Mostly Cloudy"
"2013-09-03 14:00","2013","09","03","14:00","**","19.3","","16.0","","81","","26","","8","","32.2","","101.60","","","","","","NA"
"2013-09-03 15:00","2013","09","03","15:00","**","19.8","","15.7","","77","","29","","5","","24.1","","101.61","","","","","","NA"
"2013-09-03 16:00","2013","09","03","16:00","**","20.1","","15.2","","73","","31","","4","","32.2","","101.61","","","","","","Cloudy"
"2013-09-03 17:00","2013","09","03","17:00","**","21.1","","15.3","","69","","24","","6","","48.3","","101.57","","25","","","","NA"
"2013-09-03 18:00","2013","09","03","18:00","**","20.0","","15.5","","75","","25","","8","","48.3","","101.55","","","","","","NA"
"2013-09-03 19:00","2013","09","03","19:00","**","17.5","","15.7","","89","","29","","5","","48.3","","101.58","","","","","","Mainly Clear"
"2013-09-03 20:00","2013","09","03","20:00","**","17.1","","15.1","","88","","30","","6","","48.3","","101.66","","","","","","NA"
"2013-09-03 21:00","2013","09","03","21:00","**","16.5","","15.4","","93","","35","","5","","48.3","","101.66","","","","","","NA"
"2013-09-03 22:00","2013","09","03","22:00","**","15.6","","14.8","","95","","28","","4","","48.3","","101.67","","","","","","Mainly Clear"
"2013-09-03 23:00","2013","09","03","23:00","**","16.9","","15.1","","89","","8","","1","","48.3","","101.67","","","","","","NA"
"2013-09-04 00:00","2013","09","04","00:00","**","14.9","","13.8","","93","","13","","6","","48.3","","101.71","","","","","","NA"
"2013-09-04 01:00","2013","09","04","01:00","**","14.3","","13.7","","96","","36","","3","","48.3","","101.69","","","","","","Mainly Clear"
"2013-09-04 02:00","2013","09","04","02:00","**","13.9","","13.4","","97","","36","","3","","48.3","","101.69","","","","","","NA"
"2013-09-04 03:00","2013","09","04","03:00","**","13.8","","13.0","","95","","34","","5","","48.3","","101.67","","","","","","NA"
"2013-09-04 04:00","2013","09","04","04:00","**","15.6","","14.3","","92","","35","","13","","48.3","","101.63","","","","","","Mostly Cloudy"
"2013-09-04 05:00","2013","09","04","05:00","**","15.8","","14.9","","94","","30","","14","","48.3","","101.64","","","","","","NA"
"2013-09-04 06:00","2013","09","04","06:00","**","14.6","","13.8","","95","","32","","15","","32.2","","101.68","","","","","","NA"
"2013-09-04 07:00","2013","09","04","07:00","**","16.5","","15.4","","93","","30","","14","","48.3","","101.68","","","","","","Cloudy"
"2013-09-04 08:00","2013","09","04","08:00","**","17.0","","15.9","","93","","30","","19","","48.3","","101.72","","","","","","NA"
"2013-09-04 09:00","2013","09","04","09:00","**","17.4","","15.9","","91","","30","","18","","48.3","","101.76","","","","","","NA"
"2013-09-04 10:00","2013","09","04","10:00","**","17.9","","16.3","","90","","32","","17","","48.3","","101.73","","","","","","Mostly Cloudy"
"2013-09-04 11:00","2013","09","04","11:00","**","19.0","","17.0","","88","","28","","22","","48.3","","101.76","","","","","","NA"
"2013-09-04 12:00","2013","09","04","12:00","**","17.6","","16.3","","92","","29","","28","","48.3","","101.71","","","","","","Rain"
"2013-09-04 13:00","2013","09","04","13:00","**","18.3","","16.7","","90","","30","","21","","48.3","","101.69","","","","","","Mostly Cloudy"
"2013-09-04 14:00","2013","09","04","14:00","**","18.4","","16.8","","90","","31","","19","","48.3","","101.68","","","","","","NA"
"2013-09-04 15:00","2013","09","04","15:00","**","18.3","","16.3","","88","","30","","20","","48.3","","101.65","","","","","","NA"
"2013-09-04 16:00","2013","09","04","16:00","**","18.6","","16.6","","88","","28","","13","","48.3","","101.63","","","","","","Cloudy"
"2013-09-04 17:00","2013","09","04","17:00","**","18.9","","16.9","","88","","28","","13","","48.3","","101.58","","","","","","NA"
"2013-09-04 18:00","2013","09","04","18:00","**","18.5","","16.7","","89","","31","","10","","48.3","","101.55","","","","","","NA"
"2013-09-04 19:00","2013","09","04","19:00","**","17.8","","16.3","","91","","24","","12","","48.3","","101.58","","","","","","Mostly Cloudy"
"2013-09-04 20:00","2013","09","04","20:00","**","18.2","","15.7","","85","","23","","7","","48.3","","101.62","","","","","","NA"
"2013-09-04 21:00","2013","09","04","21:00","**","16.2","","14.8","","91","","11","","12","","48.3","","101.67","","","","","","NA"
"2013-09-04 22:00","2013","09","04","22:00","**","16.2","","15.1","","93","","9","","12","","48.3","","101.71","","","","","","Mostly Cloudy"
"2013-09-04 23:00","2013","09","04","23:00","**","16.2","","14.9","","92","","6","","8","","32.2","","101.67","","","","","","NA"
"2013-09-05 00:00","2013","09","05","00:00","**","15.4","","14.5","","94","","16","","11","","32.2","","101.67","","","","","","NA"
"2013-09-05 01:00","2013","09","05","01:00","**","15.8","","14.5","","92","","6","","6","","32.2","","101.66","","","","","","Mainly Clear"
"2013-09-05 02:00","2013","09","05","02:00","**","14.8","","14.0","","95","","11","","7","","32.2","","101.65","","","","","","NA"
"2013-09-05 03:00","2013","09","05","03:00","**","13.9","","13.4","","97","","31","","6","","32.2","","101.62","","","","","","NA"
"2013-09-05 04:00","2013","09","05","04:00","**","14.6","","14.3","","98","","27","","6","","32.2","","101.62","","","","","","Clear"
"2013-09-05 05:00","2013","09","05","05:00","**","14.4","","13.9","","97","","32","","3","","32.2","","101.60","","","","","","NA"
"2013-09-05 06:00","2013","09","05","06:00","**","15.2","","14.7","","97","","7","","2","","48.3","","101.62","","","","","","NA"
"2013-09-05 07:00","2013","09","05","07:00","**","16.2","","15.6","","96","","13","","5","","24.1","","101.68","","","","","","Cloudy"
"2013-09-05 08:00","2013","09","05","08:00","**","17.3","","16.2","","93","","33","","3","","19.3","","101.70","","","","","","NA"
"2013-09-05 09:00","2013","09","05","09:00","**","17.4","","15.9","","91","","33","","10","","19.3","","101.71","","","","","","NA"
"2013-09-05 10:00","2013","09","05","10:00","**","17.5","","15.9","","90","","30","","11","","24.1","","101.71","","","","","","Cloudy"
"2013-09-05 11:00","2013","09","05","11:00","**","17.2","","16.1","","93","","32","","7","","32.2","","101.69","","","","","","Rain"
"2013-09-05 12:00","2013","09","05","12:00","**","17.6","","16.3","","92","","29","","13","","48.3","","101.67","","","","","","NA"
"2013-09-05 13:00","2013","09","05","13:00","**","17.5","","15.9","","90","","32","","21","","48.3","","101.60","","","","","","Rain"
"2013-09-05 14:00","2013","09","05","14:00","**","17.4","","16.3","","93","","31","","17","","40.2","","101.52","","","","","","Rain"
"2013-09-05 15:00","2013","09","05","15:00","**","17.1","","16.0","","93","","29","","23","","32.2","","101.50","","","","","","Thunderstorms,Moderate Rain"
"2013-09-05 16:00","2013","09","05","16:00","**","17.4","","16.1","","92","","34","","22","","24.1","","101.44","","","","","","Thunderstorms,Rain"
"2013-09-05 17:00","2013","09","05","17:00","**","17.5","","16.2","","92","","30","","14","","24.1","","101.35","","","","","","Thunderstorms,Rain"
"2013-09-05 18:00","2013","09","05","18:00","**","17.4","","16.1","","92","","30","","17","","32.2","","101.33","","","","","","Rain"
"2013-09-05 19:00","2013","09","05","19:00","**","16.9","","15.6","","92","","30","","10","","32.2","","101.24","","","","","","Mostly Cloudy"
"2013-09-05 20:00","2013","09","05","20:00","**","16.6","","15.5","","93","","30","","7","","32.2","","101.24","","","","","","NA"
"2013-09-05 21:00","2013","09","05","21:00","**","16.9","","15.6","","92","","23","","7","","32.2","","101.29","","","","","","NA"
"2013-09-05 22:00","2013","09","05","22:00","**","16.5","","15.7","","95","","8","","6","","32.2","","101.29","","","","","","Cloudy"
"2013-09-05 23:00","2013","09","05","23:00","**","15.8","","15.5","","98","","13","","5","","32.2","","101.24","","","","","","NA"
"2013-09-06 00:00","2013","09","06","00:00","**","15.2","","14.9","","98","","31","","7","","16.1","","101.22","","","","","","NA"
"2013-09-06 01:00","2013","09","06","01:00","**","15.6","","15.3","","98","","12","","8","","12.9","","101.30","","","","","","Cloudy"
"2013-09-06 02:00","2013","09","06","02:00","**","","M","","M","","M","9","","10","","16.1","","","M","","","","","NA"
"2013-09-06 03:00","2013","09","06","03:00","**","15.7","","14.8","","94","","9","","17","","12.9","","101.42","","","","","","NA"
"2013-09-06 04:00","2013","09","06","04:00","**","16.1","","14.8","","92","","9","","19","","12.9","","101.39","","","","","","Cloudy"
"2013-09-06 05:00","2013","09","06","05:00","**","15.9","","14.8","","93","","15","","12","","24.1","","101.36","","","","","","NA"
"2013-09-06 06:00","2013","09","06","06:00","**","15.8","","14.7","","93","","13","","4","","24.1","","101.43","","","","","","NA"
"2013-09-06 07:00","2013","09","06","07:00","**","16.2","","14.9","","92","","11","","6","","24.1","","101.52","","","","","","Mostly Cloudy"
"2013-09-06 08:00","2013","09","06","08:00","**","16.6","","15.3","","92","","14","","10","","16.1","","101.61","","","","","","NA"
"2013-09-06 09:00","2013","09","06","09:00","**","17.2","","15.4","","89","","22","","1","","16.1","","101.67","","","","","","NA"
"2013-09-06 10:00","2013","09","06","10:00","**","17.7","","16.1","","90","","21","","3","","24.1","","101.66","","","","","","Mostly Cloudy"
"2013-09-06 11:00","2013","09","06","11:00","**","18.1","","15.8","","86","","26","","3","","24.1","","101.68","","","","","","NA"
"2013-09-06 12:00","2013","09","06","12:00","**","18.5","","16.5","","88","","25","","10","","24.1","","101.67","","","","","","NA"
"2013-09-06 13:00","2013","09","06","13:00","**","19.6","","16.3","","81","","14","","3","","24.1","","101.66","","","","","","Mostly Cloudy"
"2013-09-06 14:00","2013","09","06","14:00","**","18.9","","16.7","","87","","23","","14","","24.1","","101.66","","","","","","NA"
"2013-09-06 15:00","2013","09","06","15:00","**","19.5","","16.8","","84","","16","","11","","24.1","","101.72","","","","","","NA"
"2013-09-06 16:00","2013","09","06","16:00","**","19.5","","16.2","","81","","16","","9","","24.1","","101.71","","","","","","Mostly Cloudy"
"2013-09-06 17:00","2013","09","06","17:00","**","19.5","","15.8","","79","","15","","14","","24.1","","101.70","","","","","","NA"
"2013-09-06 18:00","2013","09","06","18:00","**","19.4","","15.1","","76","","13","","13","","24.1","","101.72","","","","","","NA"
"2013-09-06 19:00","2013","09","06","19:00","**","18.4","","15.3","","82","","14","","11","","24.1","","101.75","","","","","","Cloudy"
"2013-09-06 20:00","2013","09","06","20:00","**","17.8","","15.8","","88","","12","","11","","19.3","","101.81","","","","","","Rain"
"2013-09-06 21:00","2013","09","06","21:00","**","17.5","","16.0","","91","","13","","5","","19.3","","101.81","","","","","","Rain Showers"
"2013-09-06 22:00","2013","09","06","22:00","**","18.4","","16.2","","87","","7","","9","","24.1","","101.83","","","","","","Mostly Cloudy"
"2013-09-06 23:00","2013","09","06","23:00","**","18.2","","16.6","","90","","9","","13","","24.1","","101.83","","","","","","NA"
"2013-09-07 00:00","2013","09","07","00:00","**","17.1","","16.1","","94","","10","","13","","24.1","","101.83","","","","","","NA"
"2013-09-07 01:00","2013","09","07","01:00","**","18.0","","16.2","","89","","11","","14","","19.3","","101.83","","","","","","Cloudy"
"2013-09-07 02:00","2013","09","07","02:00","**","17.5","","16.0","","91","","13","","13","","19.3","","101.81","","","","","","NA"
"2013-09-07 03:00","2013","09","07","03:00","**","17.2","","15.6","","90","","15","","9","","19.3","","101.81","","","","","","NA"
"2013-09-07 04:00","2013","09","07","04:00","**","16.5","","14.9","","90","","11","","17","","19.3","","101.81","","","","","","Cloudy"
"2013-09-07 05:00","2013","09","07","05:00","**","16.3","","15.0","","92","","11","","15","","19.3","","101.83","","","","","","NA"
"2013-09-07 06:00","2013","09","07","06:00","**","16.4","","15.0","","91","","10","","11","","16.1","","101.81","","","","","","NA"
"2013-09-07 07:00","2013","09","07","07:00","**","16.9","","15.3","","90","","10","","9","","16.1","","101.86","","","","","","Cloudy"
"2013-09-07 08:00","2013","09","07","08:00","**","17.9","","15.9","","88","","11","","9","","19.3","","101.86","","","","","","NA"
"2013-09-07 09:00","2013","09","07","09:00","**","19.0","","16.1","","83","","11","","11","","24.1","","101.87","","","","","","NA"
"2013-09-07 10:00","2013","09","07","10:00","**","19.8","","15.9","","78","","11","","9","","24.1","","101.87","","","","","","Mostly Cloudy"
"2013-09-07 11:00","2013","09","07","11:00","**","20.7","","16.4","","76","","16","","10","","24.1","","101.83","","26","","","","NA"
"2013-09-07 12:00","2013","09","07","12:00","**","19.5","","17.1","","86","","26","","16","","19.3","","101.83","","","","","","NA"
"2013-09-07 13:00","2013","09","07","13:00","**","19.3","","16.6","","84","","29","","16","","19.3","","101.82","","","","","","Mostly Cloudy"
"2013-09-07 14:00","2013","09","07","14:00","**","20.5","","16.8","","79","","29","","15","","24.1","","101.79","","26","","","","NA"
"2013-09-07 15:00","2013","09","07","15:00","**","20.6","","17.1","","80","","29","","17","","24.1","","101.74","","26","","","","NA"
"2013-09-07 16:00","2013","09","07","16:00","**","20.8","","16.1","","74","","30","","14","","24.1","","101.70","","25","","","","Mainly Clear"
"2013-09-07 17:00","2013","09","07","17:00","**","19.9","","16.0","","78","","29","","10","","32.2","","101.66","","","","","","NA"
"2013-09-07 18:00","2013","09","07","18:00","**","18.8","","16.3","","85","","23","","9","","32.2","","101.66","","","","","","NA"
"2013-09-07 19:00","2013","09","07","19:00","**","17.7","","16.6","","93","","25","","9","","32.2","","101.64","","","","","","Clear"
"2013-09-07 20:00","2013","09","07","20:00","**","17.0","","16.2","","95","","29","","7","","32.2","","101.68","","","","","","NA"
"2013-09-07 21:00","2013","09","07","21:00","**","17.4","","16.8","","96","","16","","3","","24.1","","101.72","","","","","","NA"
"2013-09-07 22:00","2013","09","07","22:00","**","16.6","","15.8","","95","","16","","8","","24.1","","101.74","","","","","","Clear"
"2013-09-07 23:00","2013","09","07","23:00","**","16.1","","15.3","","95","","13","","4","","24.1","","101.77","","","","","","NA"
"2013-09-08 00:00","2013","09","08","00:00","**","15.5","","14.4","","93","","12","","7","","19.3","","101.79","","","","","","NA"
"2013-09-08 01:00","2013","09","08","01:00","**","15.9","","15.1","","95","","9","","8","","19.3","","101.79","","","","","","Clear"
"2013-09-08 02:00","2013","09","08","02:00","**","","M","","M","","M","9","","8","","12.9","","","M","","","","","NA"
"2013-09-08 03:00","2013","09","08","03:00","**","14.4","","13.9","","97","","11","","8","","12.9","","101.84","","","","","","NA"
"2013-09-08 04:00","2013","09","08","04:00","**","14.2","","13.7","","97","","10","","8","","11.3","","101.83","","","","","","Mainly Clear"
"2013-09-08 05:00","2013","09","08","05:00","**","14.7","","14.4","","98","","16","","4","","9.7","","101.82","","","","","","Fog"
"2013-09-08 06:00","2013","09","08","06:00","**","13.6","","13.3","","98","","","","0","","4.8","","101.85","","","","","","Fog"
"2013-09-08 07:00","2013","09","08","07:00","**","16.0","","15.5","","97","","12","","6","","4.8","","101.86","","","","","","Fog"
"2013-09-08 08:00","2013","09","08","08:00","**","17.0","","16.4","","96","","21","","2","","4.8","","101.87","","","","","","Fog"
"2013-09-08 09:00","2013","09","08","09:00","**","17.2","","16.1","","93","","27","","8","","6.4","","101.90","","","","","","Fog"
"2013-09-08 10:00","2013","09","08","10:00","**","17.9","","16.4","","91","","24","","8","","6.4","","101.91","","","","","","Fog"
"2013-09-08 11:00","2013","09","08","11:00","**","18.9","","16.9","","88","","25","","9","","9.7","","101.90","","","","","","Fog"
"2013-09-08 12:00","2013","09","08","12:00","**","19.0","","16.6","","86","","24","","12","","12.9","","101.88","","","","","","NA"
"2013-09-08 13:00","2013","09","08","13:00","**","19.7","","17.5","","87","","25","","13","","12.9","","101.85","","","","","","Mostly Cloudy"
"2013-09-08 14:00","2013","09","08","14:00","**","19.7","","17.0","","84","","25","","14","","12.9","","101.79","","","","","","NA"
"2013-09-08 15:00","2013","09","08","15:00","**","20.0","","16.7","","81","","26","","11","","19.3","","101.75","","25","","","","NA"
"2013-09-08 16:00","2013","09","08","16:00","**","19.6","","16.7","","83","","26","","9","","24.1","","101.72","","","","","","Mostly Cloudy"
"2013-09-08 17:00","2013","09","08","17:00","**","18.9","","16.2","","84","","25","","5","","24.1","","101.68","","","","","","NA"
"2013-09-08 18:00","2013","09","08","18:00","**","18.8","","16.4","","86","","24","","4","","24.1","","101.62","","","","","","NA"
"2013-09-08 19:00","2013","09","08","19:00","**","17.9","","16.3","","90","","30","","3","","32.2","","101.64","","","","","","Mainly Clear"
"2013-09-08 20:00","2013","09","08","20:00","**","17.6","","15.3","","86","","13","","6","","24.1","","101.68","","","","","","NA"
"2013-09-08 21:00","2013","09","08","21:00","**","16.9","","15.6","","92","","10","","12","","24.1","","101.67","","","","","","NA"
"2013-09-08 22:00","2013","09","08","22:00","**","16.5","","15.2","","92","","11","","9","","24.1","","101.69","","","","","","Clear"
"2013-09-08 23:00","2013","09","08","23:00","**","16.2","","14.8","","91","","11","","13","","19.3","","101.67","","","","","","NA"
"2013-09-09 00:00","2013","09","09","00:00","**","15.7","","14.1","","90","","12","","7","","19.3","","101.69","","","","","","NA"
"2013-09-09 01:00","2013","09","09","01:00","**","15.2","","13.9","","92","","20","","9","","19.3","","101.70","","","","","","Clear"
"2013-09-09 02:00","2013","09","09","02:00","**","14.6","","13.7","","94","","14","","6","","19.3","","101.67","","","","","","NA"
"2013-09-09 03:00","2013","09","09","03:00","**","14.2","","13.4","","95","","11","","4","","19.3","","101.70","","","","","","NA"
"2013-09-09 04:00","2013","09","09","04:00","**","13.8","","13.2","","96","","9","","7","","19.3","","101.71","","","","","","Clear"
"2013-09-09 05:00","2013","09","09","05:00","**","13.6","","12.8","","95","","14","","6","","19.3","","101.72","","","","","","NA"
"2013-09-09 06:00","2013","09","09","06:00","**","12.8","","12.2","","96","","10","","8","","4.8","","101.71","","","","","","Fog"
"2013-09-09 07:00","2013","09","09","07:00","**","13.3","","13.0","","98","","9","","8","","0.4","","101.76","","","","","","Fog"
"2013-09-09 08:00","2013","09","09","08:00","**","14.3","","14.2","","99","","14","","5","","0.8","","101.79","","","","","","Fog"
"2013-09-09 09:00","2013","09","09","09:00","**","16.4","","15.3","","93","","21","","4","","6.4","","101.80","","","","","","Fog"
"2013-09-09 10:00","2013","09","09","10:00","**","17.2","","15.4","","89","","24","","10","","9.7","","101.80","","","","","","Fog"
"2013-09-09 11:00","2013","09","09","11:00","**","18.5","","15.8","","84","","24","","12","","16.1","","101.81","","","","","","NA"
"2013-09-09 12:00","2013","09","09","12:00","**","18.7","","16.3","","86","","27","","13","","24.1","","101.75","","","","","","NA"
"2013-09-09 13:00","2013","09","09","13:00","**","20.0","","16.9","","82","","30","","15","","32.2","","101.70","","25","","","","Mainly Clear"
"2013-09-09 14:00","2013","09","09","14:00","**","20.6","","16.5","","77","","29","","18","","48.3","","101.66","","26","","","","NA"
"2013-09-09 15:00","2013","09","09","15:00","**","20.6","","15.7","","73","","31","","18","","48.3","","101.61","","25","","","","NA"
"2013-09-09 16:00","2013","09","09","16:00","**","20.5","","15.6","","73","","29","","19","","48.3","","101.58","","25","","","","Mainly Clear"
"2013-09-09 17:00","2013","09","09","17:00","**","20.0","","16.1","","78","","29","","17","","48.3","","101.54","","25","","","","NA"
"2013-09-09 18:00","2013","09","09","18:00","**","19.0","","15.7","","81","","30","","10","","48.3","","101.51","","","","","","NA"
"2013-09-09 19:00","2013","09","09","19:00","**","16.8","","15.3","","91","","30","","10","","48.3","","101.53","","","","","","Mainly Clear"
"2013-09-09 20:00","2013","09","09","20:00","**","17.4","","15.9","","91","","30","","4","","24.1","","101.55","","","","","","NA"
"2013-09-09 21:00","2013","09","09","21:00","**","16.7","","15.1","","90","","25","","5","","24.1","","101.55","","","","","","NA"
"2013-09-09 22:00","2013","09","09","22:00","**","16.4","","14.8","","90","","29","","6","","24.1","","101.55","","","","","","Clear"
"2013-09-09 23:00","2013","09","09","23:00","**","16.4","","15.3","","93","","28","","8","","24.1","","101.57","","","","","","NA"
"2013-09-10 00:00","2013","09","10","00:00","**","14.9","","14.1","","95","","2","","6","","24.1","","101.56","","","","","","NA"
"2013-09-10 01:00","2013","09","10","01:00","**","15.3","","14.5","","95","","3","","6","","24.1","","101.57","","","","","","Clear"
"2013-09-10 02:00","2013","09","10","02:00","**","14.7","","13.9","","95","","36","","4","","24.1","","101.58","","","","","","NA"
"2013-09-10 03:00","2013","09","10","03:00","**","14.2","","13.6","","96","","34","","5","","24.1","","101.57","","","","","","NA"
"2013-09-10 04:00","2013","09","10","04:00","**","14.5","","14.2","","98","","32","","7","","24.1","","101.58","","","","","","Clear"
"2013-09-10 05:00","2013","09","10","05:00","**","15.9","","15.1","","95","","31","","18","","24.1","","101.56","","","","","","NA"
"2013-09-10 06:00","2013","09","10","06:00","**","15.8","","15.0","","95","","30","","16","","48.3","","101.58","","","","","","NA"
"2013-09-10 07:00","2013","09","10","07:00","**","16.7","","15.4","","92","","31","","21","","48.3","","101.60","","","","","","Mainly Clear"
"2013-09-10 08:00","2013","09","10","08:00","**","17.5","","16.0","","91","","31","","21","","48.3","","101.60","","","","","","NA"
"2013-09-10 09:00","2013","09","10","09:00","**","18.3","","16.1","","87","","31","","22","","48.3","","101.61","","","","","","NA"
"2013-09-10 10:00","2013","09","10","10:00","**","18.4","","15.9","","85","","31","","24","","48.3","","101.60","","","","","","Mainly Clear"
"2013-09-10 11:00","2013","09","10","11:00","**","19.5","","16.6","","83","","29","","21","","48.3","","101.57","","","","","","NA"
"2013-09-10 12:00","2013","09","10","12:00","**","19.7","","16.8","","83","","31","","22","","48.3","","101.53","","","","","","NA"
"2013-09-10 13:00","2013","09","10","13:00","**","20.4","","16.5","","78","","30","","21","","48.3","","101.49","","25","","","","Clear"
"2013-09-10 14:00","2013","09","10","14:00","**","20.8","","16.3","","75","","30","","22","","48.3","","101.43","","26","","","","NA"
"2013-09-10 15:00","2013","09","10","15:00","**","20.5","","16.4","","77","","30","","23","","48.3","","101.37","","25","","","","NA"
"2013-09-10 16:00","2013","09","10","16:00","**","20.4","","16.5","","78","","31","","20","","48.3","","101.32","","25","","","","Clear"
"2013-09-10 17:00","2013","09","10","17:00","**","20.4","","16.3","","77","","30","","17","","48.3","","101.30","","25","","","","NA"
"2013-09-10 18:00","2013","09","10","18:00","**","19.7","","16.4","","81","","31","","14","","48.3","","101.26","","","","","","NA"
"2013-09-10 19:00","2013","09","10","19:00","**","18.1","","15.9","","87","","30","","14","","48.3","","101.25","","","","","","Clear"
"2013-09-10 20:00","2013","09","10","20:00","**","17.4","","16.1","","92","","33","","7","","32.2","","101.26","","","","","","NA"
"2013-09-10 21:00","2013","09","10","21:00","**","17.4","","15.9","","91","","32","","8","","32.2","","101.28","","","","","","NA"
"2013-09-10 22:00","2013","09","10","22:00","**","17.3","","16.2","","93","","31","","7","","32.2","","101.30","","","","","","Clear"
"2013-09-10 23:00","2013","09","10","23:00","**","16.6","","15.5","","93","","33","","9","","32.2","","101.31","","","","","","NA"
"2013-09-11 00:00","2013","09","11","00:00","**","16.3","","14.5","","89","","4","","3","","24.1","","101.31","","","","","","NA"
"2013-09-11 01:00","2013","09","11","01:00","**","18.0","","15.8","","87","","35","","3","","24.1","","101.31","","","","","","Clear"
"2013-09-11 02:00","2013","09","11","02:00","**","15.7","","14.6","","93","","35","","1","","24.1","","101.32","","","","","","NA"
"2013-09-11 03:00","2013","09","11","03:00","**","15.7","","14.8","","94","","23","","1","","24.1","","101.32","","","","","","NA"
"2013-09-11 04:00","2013","09","11","04:00","**","14.6","","13.8","","95","","34","","5","","24.1","","101.34","","","","","","Clear"
"2013-09-11 05:00","2013","09","11","05:00","**","13.9","","13.3","","96","","33","","8","","32.2","","101.35","","","","","","NA"
"2013-09-11 06:00","2013","09","11","06:00","**","15.5","","15.2","","98","","31","","5","","32.2","","101.41","","","","","","NA"
"2013-09-11 07:00","2013","09","11","07:00","**","17.0","","15.7","","92","","31","","5","","48.3","","101.44","","","","","","Clear"
"2013-09-11 08:00","2013","09","11","08:00","**","19.0","","17.0","","88","","32","","10","","48.3","","101.44","","","","","","NA"
"2013-09-11 09:00","2013","09","11","09:00","**","20.6","","16.7","","78","","30","","9","","48.3","","101.45","","26","","","","NA"
"2013-09-11 10:00","2013","09","11","10:00","**","20.9","","17.4","","80","","29","","13","","48.3","","101.48","","26","","","","Clear"
"2013-09-11 11:00","2013","09","11","11:00","**","21.8","","16.8","","73","","30","","14","","48.3","","101.45","","27","","","","NA"
"2013-09-11 12:00","2013","09","11","12:00","**","22.3","","17.5","","74","","29","","16","","48.3","","101.42","","28","","","","NA"
"2013-09-11 13:00","2013","09","11","13:00","**","22.8","","17.1","","70","","30","","16","","48.3","","101.39","","28","","","","Clear"
"2013-09-11 14:00","2013","09","11","14:00","**","23.1","","17.0","","68","","30","","15","","48.3","","101.35","","28","","","","NA"
"2013-09-11 15:00","2013","09","11","15:00","**","23.7","","16.9","","65","","30","","17","","48.3","","101.30","","29","","","","NA"
"2013-09-11 16:00","2013","09","11","16:00","**","23.5","","16.9","","66","","30","","15","","48.3","","101.25","","29","","","","Clear"
"2013-09-11 17:00","2013","09","11","17:00","**","22.3","","17.7","","75","","30","","14","","48.3","","101.21","","28","","","","NA"
"2013-09-11 18:00","2013","09","11","18:00","**","20.9","","17.4","","80","","30","","13","","48.3","","101.17","","26","","","","NA"
"2013-09-11 19:00","2013","09","11","19:00","**","18.7","","16.7","","88","","30","","10","","48.3","","101.18","","","","","","Clear"
"2013-09-11 20:00","2013","09","11","20:00","**","18.2","","16.7","","91","","30","","13","","48.3","","101.20","","","","","","NA"
"2013-09-11 21:00","2013","09","11","21:00","**","17.9","","16.9","","94","","28","","5","","48.3","","101.21","","","","","","NA"
"2013-09-11 22:00","2013","09","11","22:00","**","18.4","","17.4","","94","","20","","2","","48.3","","101.28","","","","","","Clear"
"2013-09-11 23:00","2013","09","11","23:00","**","18.0","","16.2","","89","","7","","4","","48.3","","101.30","","","","","","NA"
"2013-09-12 00:00","2013","09","12","00:00","**","17.5","","15.2","","86","","13","","4","","48.3","","101.31","","","","","","NA"
"2013-09-12 01:00","2013","09","12","01:00","**","17.4","","15.1","","86","","11","","6","","48.3","","101.32","","","","","","Clear"
"2013-09-12 02:00","2013","09","12","02:00","**","17.1","","16.1","","94","","24","","3","","48.3","","101.36","","","","","","NA"
"2013-09-12 03:00","2013","09","12","03:00","**","15.9","","14.6","","92","","2","","1","","48.3","","101.37","","","","","","NA"
"2013-09-12 04:00","2013","09","12","04:00","**","16.5","","15.2","","92","","1","","4","","48.3","","101.38","","","","","","Clear"
"2013-09-12 05:00","2013","09","12","05:00","**","16.0","","15.2","","95","","10","","5","","48.3","","101.39","","","","","","NA"
"2013-09-12 06:00","2013","09","12","06:00","**","15.4","","14.5","","94","","15","","8","","48.3","","101.43","","","","","","NA"
"2013-09-12 07:00","2013","09","12","07:00","**","17.4","","15.9","","91","","13","","8","","48.3","","101.48","","","","","","Clear"
"2013-09-12 08:00","2013","09","12","08:00","**","19.3","","16.8","","85","","13","","8","","48.3","","101.49","","","","","","NA"
"2013-09-12 09:00","2013","09","12","09:00","**","21.1","","16.4","","74","","13","","10","","48.3","","101.50","","26","","","","NA"
"2013-09-12 10:00","2013","09","12","10:00","**","22.9","","15.6","","63","","13","","5","","48.3","","101.47","","27","","","","Clear"
"2013-09-12 11:00","2013","09","12","11:00","**","20.4","","17.3","","82","","23","","14","","48.3","","101.42","","26","","","","NA"
"2013-09-12 12:00","2013","09","12","12:00","**","20.7","","17.2","","80","","23","","14","","48.3","","101.39","","26","","","","NA"
"2013-09-12 13:00","2013","09","12","13:00","**","21.5","","17.6","","78","","26","","13","","48.3","","101.34","","27","","","","Clear"
"2013-09-12 14:00","2013","09","12","14:00","**","21.8","","16.8","","73","","24","","10","","48.3","","101.29","","27","","","","NA"
"2013-09-12 15:00","2013","09","12","15:00","**","22.0","","17.7","","76","","25","","8","","48.3","","101.22","","28","","","","NA"
"2013-09-12 16:00","2013","09","12","16:00","**","20.8","","18.0","","84","","24","","10","","48.3","","101.19","","27","","","","Clear"
"2013-09-12 17:00","2013","09","12","17:00","**","21.0","","17.5","","80","","23","","9","","48.3","","101.15","","27","","","","NA"
"2013-09-12 18:00","2013","09","12","18:00","**","20.3","","17.0","","81","","21","","7","","48.3","","101.14","","26","","","","NA"
"2013-09-12 19:00","2013","09","12","19:00","**","20.2","","15.3","","73","","14","","9","","48.3","","101.13","","","","","","Clear"
"2013-09-12 20:00","2013","09","12","20:00","**","18.0","","14.9","","82","","11","","17","","48.3","","101.18","","","","","","NA"
"2013-09-12 21:00","2013","09","12","21:00","**","17.4","","14.3","","82","","10","","18","","48.3","","101.19","","","","","","NA"
"2013-09-12 22:00","2013","09","12","22:00","**","17.0","","13.9","","82","","11","","14","","48.3","","101.22","","","","","","Clear"
"2013-09-12 23:00","2013","09","12","23:00","**","16.0","","14.0","","88","","11","","13","","48.3","","101.24","","","","","","NA"
"2013-09-13 00:00","2013","09","13","00:00","**","15.1","","13.8","","92","","10","","14","","48.3","","101.26","","","","","","NA"
"2013-09-13 01:00","2013","09","13","01:00","**","14.7","","13.8","","94","","10","","12","","48.3","","101.30","","","","","","Clear"
"2013-09-13 02:00","2013","09","13","02:00","**","14.8","","13.9","","94","","10","","15","","48.3","","101.30","","","","","","NA"
"2013-09-13 03:00","2013","09","13","03:00","**","14.8","","13.5","","92","","11","","12","","48.3","","101.31","","","","","","NA"
"2013-09-13 04:00","2013","09","13","04:00","**","14.7","","13.4","","92","","12","","11","","48.3","","101.30","","","","","","Clear"
"2013-09-13 05:00","2013","09","13","05:00","**","14.3","","13.4","","94","","11","","11","","48.3","","101.33","","","","","","NA"
"2013-09-13 06:00","2013","09","13","06:00","**","14.8","","13.7","","93","","12","","14","","48.3","","101.36","","","","","","NA"
"2013-09-13 07:00","2013","09","13","07:00","**","14.7","","13.9","","95","","13","","13","","8.1","","101.40","","","","","","Fog"
"2013-09-13 08:00","2013","09","13","08:00","**","15.1","","14.6","","97","","12","","15","","2.4","","101.42","","","","","","Fog"
"2013-09-13 09:00","2013","09","13","09:00","**","15.5","","14.9","","96","","14","","14","","6.4","","101.42","","","","","","Fog"
"2013-09-13 10:00","2013","09","13","10:00","**","16.5","","15.2","","92","","12","","14","","8.1","","101.41","","","","","","Fog"
"2013-09-13 11:00","2013","09","13","11:00","**","16.7","","14.7","","88","","14","","18","","24.1","","101.38","","","","","","NA"
"2013-09-13 12:00","2013","09","13","12:00","**","17.5","","15.2","","86","","15","","11","","24.1","","101.32","","","","","","NA"
"2013-09-13 13:00","2013","09","13","13:00","**","18.7","","15.4","","81","","16","","12","","32.2","","101.29","","","","","","Mainly Clear"
"2013-09-13 14:00","2013","09","13","14:00","**","20.1","","16.4","","79","","18","","5","","32.2","","101.22","","25","","","","NA"
"2013-09-13 15:00","2013","09","13","15:00","**","20.3","","16.4","","78","","20","","14","","32.2","","101.15","","25","","","","NA"
"2013-09-13 16:00","2013","09","13","16:00","**","20.3","","16.0","","76","","17","","12","","48.3","","101.10","","25","","","","Clear"
"2013-09-13 17:00","2013","09","13","17:00","**","19.4","","15.5","","78","","15","","13","","48.3","","101.08","","","","","","NA"
"2013-09-13 18:00","2013","09","13","18:00","**","17.6","","14.7","","83","","12","","15","","32.2","","101.05","","","","","","NA"
"2013-09-13 19:00","2013","09","13","19:00","**","15.8","","14.2","","90","","13","","12","","32.2","","101.08","","","","","","Clear"
"2013-09-13 20:00","2013","09","13","20:00","**","14.9","","13.8","","93","","10","","16","","24.1","","101.12","","","","","","NA"
"2013-09-13 21:00","2013","09","13","21:00","**","15.0","","14.1","","94","","13","","21","","19.3","","101.15","","","","","","NA"
"2013-09-13 22:00","2013","09","13","22:00","**","15.1","","14.2","","94","","11","","20","","19.3","","101.18","","","","","","Cloudy"
"2013-09-13 23:00","2013","09","13","23:00","**","15.3","","14.4","","94","","10","","18","","9.7","","101.19","","","","","","Fog"
"2013-09-14 00:00","2013","09","14","00:00","**","15.6","","14.3","","92","","13","","19","","8.1","","101.18","","","","","","Fog"
"2013-09-14 01:00","2013","09","14","01:00","**","15.3","","14.2","","93","","12","","14","","9.7","","101.18","","","","","","Fog"
"2013-09-14 02:00","2013","09","14","02:00","**","15.1","","14.2","","94","","16","","8","","9.7","","101.17","","","","","","Fog"
"2013-09-14 03:00","2013","09","14","03:00","**","14.9","","14.3","","96","","16","","7","","9.7","","101.17","","","","","","Fog"
"2013-09-14 04:00","2013","09","14","04:00","**","14.6","","14.1","","97","","16","","8","","6.4","","101.16","","","","","","Fog"
"2013-09-14 05:00","2013","09","14","05:00","**","14.8","","14.2","","96","","13","","5","","4.8","","101.14","","","","","","Fog"
"2013-09-14 06:00","2013","09","14","06:00","**","15.0","","14.1","","94","","","","0","","4.0","","101.15","","","","","","Drizzle,Fog"
"2013-09-14 07:00","2013","09","14","07:00","**","15.0","","14.2","","95","","18","","5","","3.2","","101.15","","","","","","Drizzle,Fog"
"2013-09-14 08:00","2013","09","14","08:00","**","15.5","","14.7","","95","","19","","4","","3.2","","101.15","","","","","","Drizzle,Fog"
"2013-09-14 09:00","2013","09","14","09:00","**","15.6","","15.0","","96","","28","","7","","4.0","","101.14","","","","","","Fog"
"2013-09-14 10:00","2013","09","14","10:00","**","15.8","","14.9","","94","","26","","8","","4.8","","101.14","","","","","","Fog"
"2013-09-14 11:00","2013","09","14","11:00","**","16.0","","14.9","","93","","26","","8","","4.8","","101.11","","","","","","Fog"
"2013-09-14 12:00","2013","09","14","12:00","**","16.1","","15.0","","93","","25","","9","","6.4","","101.07","","","","","","Fog"
"2013-09-14 13:00","2013","09","14","13:00","**","17.0","","15.4","","90","","30","","8","","8.1","","101.02","","","","","","Fog"
"2013-09-14 14:00","2013","09","14","14:00","**","17.2","","15.4","","89","","30","","10","","8.1","","100.96","","","","","","Fog"
"2013-09-14 15:00","2013","09","14","15:00","**","16.3","","15.0","","92","","30","","8","","8.1","","100.88","","","","","","Fog"
"2013-09-14 16:00","2013","09","14","16:00","**","16.0","","15.1","","94","","30","","7","","8.1","","100.83","","","","","","Fog"
"2013-09-14 17:00","2013","09","14","17:00","**","15.9","","15.1","","95","","28","","11","","4.8","","100.77","","","","","","Fog"
"2013-09-14 18:00","2013","09","14","18:00","**","15.7","","15.1","","96","","30","","9","","3.6","","100.74","","","","","","Fog"
"2013-09-14 19:00","2013","09","14","19:00","**","15.5","","15.2","","98","","33","","7","","1.6","","100.74","","","","","","Fog"
"2013-09-14 20:00","2013","09","14","20:00","**","15.5","","15.4","","99","","27","","5","","0.8","","100.75","","","","","","Fog"
"2013-09-14 21:00","2013","09","14","21:00","**","15.4","","15.3","","99","","27","","6","","0.8","","100.74","","","","","","Fog"
"2013-09-14 22:00","2013","09","14","22:00","**","15.5","","15.4","","99","","18","","1","","1.2","","100.76","","","","","","Fog"
"2013-09-14 23:00","2013","09","14","23:00","**","15.6","","15.5","","99","","36","","4","","1.2","","100.74","","","","","","Fog"
"2013-09-15 00:00","2013","09","15","00:00","**","15.3","","15.2","","99","","","","0","","1.2","","100.70","","","","","","Fog"
"2013-09-15 01:00","2013","09","15","01:00","**","15.4","","15.3","","99","","","","0","","0.8","","100.68","","","","","","Fog"
"2013-09-15 02:00","2013","09","15","02:00","**","15.6","","15.5","","99","","","","0","","0.6","","100.65","","","","","","Fog"
"2013-09-15 03:00","2013","09","15","03:00","**","15.7","","15.6","","99","","","","0","","0.8","","100.63","","","","","","Fog"
"2013-09-15 04:00","2013","09","15","04:00","**","15.4","","15.3","","99","","36","","4","","0.8","","100.60","","","","","","Fog"
"2013-09-15 05:00","2013","09","15","05:00","**","15.2","","15.1","","99","","1","","2","","0.8","","100.57","","","","","","Fog"
"2013-09-15 06:00","2013","09","15","06:00","**","15.3","","15.2","","99","","","","0","","0.8","","100.58","","","","","","Fog"
"2013-09-15 07:00","2013","09","15","07:00","**","15.5","","15.4","","99","","","","0","","0.6","","100.57","","","","","","Fog"
"2013-09-15 08:00","2013","09","15","08:00","**","15.6","","15.5","","99","","18","","4","","1.2","","100.55","","","","","","Fog"
"2013-09-15 09:00","2013","09","15","09:00","**","15.8","","15.7","","99","","12","","5","","1.6","","100.54","","","","","","Fog"
"2013-09-15 10:00","2013","09","15","10:00","**","16.1","","15.9","","99","","14","","5","","1.6","","100.55","","","","","","Fog"
"2013-09-15 11:00","2013","09","15","11:00","**","15.8","","15.7","","99","","18","","15","","4.0","","100.66","","","","","","Fog"
"2013-09-15 12:00","2013","09","15","12:00","**","15.6","","14.7","","94","","14","","12","","8.1","","100.79","","","","","","Fog"
"2013-09-15 13:00","2013","09","15","13:00","**","16.2","","15.1","","93","","3","","18","","9.7","","100.56","","","","","","Rain Showers,Fog"
"2013-09-15 14:00","2013","09","15","14:00","**","16.7","","15.6","","93","","19","","14","","9.7","","100.58","","","","","","Rain Showers,Fog"
"2013-09-15 15:00","2013","09","15","15:00","**","16.1","","15.0","","93","","20","","22","","9.7","","100.65","","","","","","Fog"
"2013-09-15 16:00","2013","09","15","16:00","**","16.2","","14.6","","90","","9","","6","","12.9","","100.66","","","","","","Mostly Cloudy"
"2013-09-15 17:00","2013","09","15","17:00","**","16.5","","14.5","","88","","4","","14","","12.9","","100.68","","","","","","NA"
"2013-09-15 18:00","2013","09","15","18:00","**","16.0","","14.7","","92","","16","","21","","12.9","","100.71","","","","","","NA"
"2013-09-15 19:00","2013","09","15","19:00","**","15.0","","14.2","","95","","7","","13","","9.7","","100.72","","","","","","Moderate Rain"
"2013-09-15 20:00","2013","09","15","20:00","**","14.9","","14.4","","97","","13","","18","","12.9","","100.80","","","","","","Rain"
"2013-09-15 21:00","2013","09","15","21:00","**","15.4","","14.8","","96","","8","","18","","19.3","","100.78","","","","","","NA"
"2013-09-15 22:00","2013","09","15","22:00","**","15.7","","15.1","","96","","15","","5","","12.9","","100.78","","","","","","Cloudy"
"2013-09-15 23:00","2013","09","15","23:00","**","16.0","","15.2","","95","","15","","11","","9.7","","100.76","","","","","","Rain"
"2013-09-16 00:00","2013","09","16","00:00","**","14.7","","14.1","","96","","13","","21","","9.7","","100.76","","","","","","Rain"
"2013-09-16 01:00","2013","09","16","01:00","**","14.5","","14.2","","98","","13","","13","","4.8","","100.74","","","","","","Rain"
"2013-09-16 02:00","2013","09","16","02:00","**","14.4","","14.1","","98","","12","","14","","3.2","","100.75","","","","","","Heavy Rain"
"2013-09-16 03:00","2013","09","16","03:00","**","14.8","","14.3","","97","","10","","12","","6.4","","100.81","","","","","","Rain"
"2013-09-16 04:00","2013","09","16","04:00","**","14.9","","14.4","","97","","13","","13","","12.9","","100.84","","","","","","Rain"
"2013-09-16 05:00","2013","09","16","05:00","**","14.8","","14.0","","95","","14","","14","","12.9","","100.89","","","","","","Rain"
"2013-09-16 06:00","2013","09","16","06:00","**","14.6","","14.0","","96","","14","","13","","9.7","","100.95","","","","","","Rain Showers,Fog"
"2013-09-16 07:00","2013","09","16","07:00","**","14.6","","14.0","","96","","13","","16","","19.3","","100.97","","","","","","Mostly Cloudy"
"2013-09-16 08:00","2013","09","16","08:00","**","15.1","","14.2","","94","","12","","16","","19.3","","101.02","","","","","","NA"
"2013-09-16 09:00","2013","09","16","09:00","**","15.9","","14.5","","91","","12","","17","","24.1","","101.06","","","","","","NA"
"2013-09-16 10:00","2013","09","16","10:00","**","16.4","","14.6","","89","","13","","14","","24.1","","101.10","","","","","","Mostly Cloudy"
"2013-09-16 11:00","2013","09","16","11:00","**","17.0","","14.7","","86","","17","","19","","24.1","","101.15","","","","","","NA"
"2013-09-16 12:00","2013","09","16","12:00","**","16.1","","14.3","","89","","16","","19","","24.1","","101.19","","","","","","NA"
"2013-09-16 13:00","2013","09","16","13:00","**","17.7","","15.2","","85","","14","","10","","24.1","","101.17","","","","","","Mostly Cloudy"
"2013-09-16 14:00","2013","09","16","14:00","**","17.3","","14.6","","84","","21","","9","","24.1","","101.19","","","","","","NA"
"2013-09-16 15:00","2013","09","16","15:00","**","16.7","","14.9","","89","","23","","11","","24.1","","101.21","","","","","","NA"
"2013-09-16 16:00","2013","09","16","16:00","**","17.0","","15.0","","88","","28","","7","","24.1","","101.17","","","","","","Mostly Cloudy"
"2013-09-16 17:00","2013","09","16","17:00","**","17.0","","15.2","","89","","29","","5","","24.1","","101.16","","","","","","NA"
"2013-09-16 18:00","2013","09","16","18:00","**","16.2","","14.6","","90","","29","","13","","24.1","","101.16","","","","","","NA"
"2013-09-16 19:00","2013","09","16","19:00","**","15.1","","13.8","","92","","31","","13","","24.1","","101.19","","","","","","Mainly Clear"
"2013-09-16 20:00","2013","09","16","20:00","**","14.5","","13.1","","91","","31","","7","","24.1","","101.23","","","","","","NA"
"2013-09-16 21:00","2013","09","16","21:00","**","14.9","","13.1","","89","","3","","4","","24.1","","101.21","","","","","","NA"
"2013-09-16 22:00","2013","09","16","22:00","**","14.0","","13.2","","95","","30","","2","","24.1","","101.21","","","","","","Mostly Cloudy"
"2013-09-16 23:00","2013","09","16","23:00","**","14.0","","13.1","","94","","33","","4","","24.1","","101.21","","","","","","NA"
"2013-09-17 00:00","2013","09","17","00:00","**","14.0","","13.4","","96","","13","","7","","24.1","","101.22","","","","","","NA"
"2013-09-17 01:00","2013","09","17","01:00","**","13.9","","13.4","","97","","10","","8","","24.1","","101.20","","","","","","Cloudy"
"2013-09-17 02:00","2013","09","17","02:00","**","13.5","","12.9","","96","","10","","8","","12.9","","101.18","","","","","","NA"
"2013-09-17 03:00","2013","09","17","03:00","**","13.7","","13.2","","97","","10","","5","","19.3","","101.16","","","","","","NA"
"2013-09-17 04:00","2013","09","17","04:00","**","13.7","","12.9","","95","","10","","10","","12.9","","101.13","","","","","","Cloudy"
"2013-09-17 05:00","2013","09","17","05:00","**","13.2","","12.3","","94","","10","","9","","19.3","","101.13","","","","","","NA"
"2013-09-17 06:00","2013","09","17","06:00","**","12.8","","11.4","","91","","10","","9","","19.3","","101.11","","","","","","NA"
"2013-09-17 07:00","2013","09","17","07:00","**","13.7","","12.3","","91","","14","","7","","24.1","","101.11","","","","","","Cloudy"
"2013-09-17 08:00","2013","09","17","08:00","**","14.1","","12.0","","87","","11","","6","","19.3","","101.09","","","","","","NA"
"2013-09-17 09:00","2013","09","17","09:00","**","15.1","","13.2","","88","","12","","6","","24.1","","101.09","","","","","","NA"
"2013-09-17 10:00","2013","09","17","10:00","**","16.5","","13.6","","83","","25","","8","","24.1","","101.08","","","","","","Cloudy"
"2013-09-17 11:00","2013","09","17","11:00","**","16.8","","13.8","","82","","27","","15","","24.1","","101.05","","","","","","NA"
"2013-09-17 12:00","2013","09","17","12:00","**","17.3","","13.9","","80","","30","","15","","24.1","","101.05","","","","","","NA"
"2013-09-17 13:00","2013","09","17","13:00","**","17.5","","13.9","","79","","29","","20","","24.1","","101.03","","","","","","Cloudy"
"2013-09-17 14:00","2013","09","17","14:00","**","17.6","","13.4","","76","","30","","17","","32.2","","101.01","","","","","","NA"
"2013-09-17 15:00","2013","09","17","15:00","**","17.6","","13.4","","76","","26","","14","","48.3","","101.00","","","","","","NA"
"2013-09-17 16:00","2013","09","17","16:00","**","17.1","","12.1","","72","","24","","15","","48.3","","100.99","","","","","","Cloudy"
"2013-09-17 17:00","2013","09","17","17:00","**","16.6","","12.4","","76","","21","","13","","48.3","","101.00","","","","","","NA"
"2013-09-17 18:00","2013","09","17","18:00","**","16.0","","12.6","","80","","19","","11","","32.2","","101.00","","","","","","NA"
"2013-09-17 19:00","2013","09","17","19:00","**","14.9","","11.7","","81","","13","","11","","32.2","","101.06","","","","","","Cloudy"
"2013-09-17 20:00","2013","09","17","20:00","**","13.9","","11.3","","84","","11","","10","","32.2","","101.13","","","","","","NA"
"2013-09-17 21:00","2013","09","17","21:00","**","13.0","","10.7","","86","","10","","9","","32.2","","101.16","","","","","","NA"
"2013-09-17 22:00","2013","09","17","22:00","**","12.4","","10.8","","90","","10","","13","","32.2","","101.17","","","","","","Mainly Clear"
"2013-09-17 23:00","2013","09","17","23:00","**","12.2","","10.8","","91","","10","","11","","32.2","","101.22","","","","","","NA"
"2013-09-18 00:00","2013","09","18","00:00","**","12.6","","11.2","","91","","9","","11","","32.2","","101.27","","","","","","NA"
"2013-09-18 01:00","2013","09","18","01:00","**","12.0","","10.8","","92","","10","","9","","32.2","","101.30","","","","","","Mainly Clear"
"2013-09-18 02:00","2013","09","18","02:00","**","11.5","","10.3","","92","","9","","9","","32.2","","101.32","","","","","","NA"
"2013-09-18 03:00","2013","09","18","03:00","**","12.3","","11.1","","92","","9","","9","","32.2","","101.36","","","","","","NA"
"2013-09-18 04:00","2013","09","18","04:00","**","12.3","","11.2","","93","","9","","8","","32.2","","101.39","","","","","","Cloudy"
"2013-09-18 05:00","2013","09","18","05:00","**","12.1","","11.0","","93","","9","","12","","32.2","","101.41","","","","","","NA"
"2013-09-18 06:00","2013","09","18","06:00","**","12.4","","11.3","","93","","10","","9","","32.2","","101.48","","","","","","NA"
"2013-09-18 07:00","2013","09","18","07:00","**","13.8","","11.9","","88","","7","","9","","32.2","","101.53","","","","","","Mainly Clear"
"2013-09-18 08:00","2013","09","18","08:00","**","14.8","","12.3","","85","","8","","3","","32.2","","101.59","","","","","","NA"
"2013-09-18 09:00","2013","09","18","09:00","**","16.0","","11.2","","73","","28","","7","","32.2","","101.63","","","","","","NA"
"2013-09-18 10:00","2013","09","18","10:00","**","16.6","","11.6","","72","","23","","10","","32.2","","101.67","","","","","","Mostly Cloudy"
"2013-09-18 11:00","2013","09","18","11:00","**","17.0","","11.8","","71","","24","","11","","48.3","","101.70","","","","","","NA"
"2013-09-18 12:00","2013","09","18","12:00","**","17.4","","12.8","","74","","20","","3","","48.3","","101.72","","","","","","NA"
"2013-09-18 13:00","2013","09","18","13:00","**","18.2","","12.1","","67","","22","","14","","48.3","","101.72","","","","","","Mainly Clear"
"2013-09-18 14:00","2013","09","18","14:00","**","18.5","","11.7","","64","","22","","19","","48.3","","101.71","","","","","","NA"
"2013-09-18 15:00","2013","09","18","15:00","**","18.8","","9.1","","53","","18","","7","","48.3","","101.71","","","","","","NA"
"2013-09-18 16:00","2013","09","18","16:00","**","18.6","","11.3","","62","","22","","17","","48.3","","101.71","","","","","","Mostly Cloudy"
"2013-09-18 17:00","2013","09","18","17:00","**","17.1","","10.5","","65","","21","","9","","48.3","","101.72","","","","","","NA"
"2013-09-18 18:00","2013","09","18","18:00","**","17.0","","10.0","","63","","15","","8","","32.2","","101.71","","","","","","NA"
"2013-09-18 19:00","2013","09","18","19:00","**","15.7","","10.5","","71","","12","","14","","32.2","","101.74","","","","","","Cloudy"
"2013-09-18 20:00","2013","09","18","20:00","**","15.4","","11.6","","78","","8","","12","","32.2","","101.76","","","","","","NA"
"2013-09-18 21:00","2013","09","18","21:00","**","13.5","","10.5","","82","","9","","9","","32.2","","101.77","","","","","","NA"
"2013-09-18 22:00","2013","09","18","22:00","**","15.2","","10.4","","73","","8","","13","","32.2","","101.76","","","","","","Cloudy"
"2013-09-18 23:00","2013","09","18","23:00","**","14.8","","10.5","","75","","6","","14","","32.2","","101.74","","","","","","NA"
"2013-09-19 00:00","2013","09","19","00:00","**","14.6","","10.5","","76","","10","","12","","32.2","","101.72","","","","","","NA"
"2013-09-19 01:00","2013","09","19","01:00","**","14.5","","10.8","","78","","9","","13","","32.2","","101.71","","","","","","Cloudy"
"2013-09-19 02:00","2013","09","19","02:00","**","14.6","","10.3","","75","","8","","10","","32.2","","101.66","","","","","","NA"
"2013-09-19 03:00","2013","09","19","03:00","**","13.6","","10.8","","83","","9","","16","","32.2","","101.60","","","","","","NA"
"2013-09-19 04:00","2013","09","19","04:00","**","13.5","","10.7","","83","","9","","8","","32.2","","101.54","","","","","","Cloudy"
"2013-09-19 05:00","2013","09","19","05:00","**","12.6","","10.3","","86","","9","","8","","32.2","","101.52","","","","","","NA"
"2013-09-19 06:00","2013","09","19","06:00","**","13.6","","10.8","","83","","16","","4","","32.2","","101.53","","","","","","NA"
"2013-09-19 07:00","2013","09","19","07:00","**","14.0","","11.5","","85","","11","","8","","32.2","","101.49","","","","","","Mostly Cloudy"
"2013-09-19 08:00","2013","09","19","08:00","**","15.3","","11.3","","77","","12","","8","","32.2","","101.45","","","","","","NA"
"2013-09-19 09:00","2013","09","19","09:00","**","16.2","","11.2","","72","","16","","5","","32.2","","101.45","","","","","","NA"
"2013-09-19 10:00","2013","09","19","10:00","**","17.3","","11.6","","69","","11","","11","","32.2","","101.36","","","","","","Mostly Cloudy"
"2013-09-19 11:00","2013","09","19","11:00","**","19.2","","10.8","","58","","11","","17","","32.2","","101.32","","","","","","NA"
"2013-09-19 12:00","2013","09","19","12:00","**","17.5","","13.9","","79","","25","","12","","32.2","","101.28","","","","","","NA"
"2013-09-19 13:00","2013","09","19","13:00","**","18.2","","13.8","","75","","29","","11","","32.2","","101.20","","","","","","Mostly Cloudy"
"2013-09-19 14:00","2013","09","19","14:00","**","18.9","","14.0","","73","","29","","12","","32.2","","101.09","","","","","","NA"
"2013-09-19 15:00","2013","09","19","15:00","**","17.4","","13.8","","79","","29","","14","","32.2","","101.01","","","","","","NA"
"2013-09-19 16:00","2013","09","19","16:00","**","17.3","","13.5","","78","","28","","9","","32.2","","100.91","","","","","","Mostly Cloudy"
"2013-09-19 17:00","2013","09","19","17:00","**","17.5","","13.3","","76","","29","","8","","32.2","","100.83","","","","","","NA"
"2013-09-19 18:00","2013","09","19","18:00","**","16.8","","13.2","","79","","31","","10","","32.2","","100.77","","","","","","NA"
"2013-09-19 19:00","2013","09","19","19:00","**","16.7","","13.3","","80","","4","","3","","32.2","","100.74","","","","","","Mainly Clear"
"2013-09-19 20:00","2013","09","19","20:00","**","16.2","","13.0","","81","","8","","3","","32.2","","100.74","","","","","","NA"
"2013-09-19 21:00","2013","09","19","21:00","**","15.1","","13.0","","87","","21","","4","","32.2","","100.72","","","","","","NA"
"2013-09-19 22:00","2013","09","19","22:00","**","16.0","","11.4","","74","","14","","9","","32.2","","100.73","","","","","","Mainly Clear"
"2013-09-19 23:00","2013","09","19","23:00","**","14.9","","11.3","","79","","10","","9","","32.2","","100.70","","","","","","NA"
"2013-09-20 00:00","2013","09","20","00:00","**","14.4","","10.8","","79","","9","","14","","32.2","","100.67","","","","","","NA"
"2013-09-20 01:00","2013","09","20","01:00","**","13.5","","10.2","","80","","9","","10","","32.2","","100.67","","","","","","Mainly Clear"
"2013-09-20 02:00","2013","09","20","02:00","**","14.1","","10.4","","78","","9","","12","","32.2","","100.61","","","","","","NA"
"2013-09-20 03:00","2013","09","20","03:00","**","11.8","","9.4","","85","","10","","15","","32.2","","100.58","","","","","","NA"
"2013-09-20 04:00","2013","09","20","04:00","**","12.3","","9.2","","81","","10","","13","","32.2","","100.52","","","","","","Mainly Clear"
"2013-09-20 05:00","2013","09","20","05:00","**","12.1","","9.3","","83","","11","","13","","32.2","","100.45","","","","","","NA"
"2013-09-20 06:00","2013","09","20","06:00","**","11.9","","9.5","","85","","10","","12","","48.3","","100.44","","","","","","NA"
"2013-09-20 07:00","2013","09","20","07:00","**","13.1","","10.3","","83","","10","","14","","48.3","","100.42","","","","","","Cloudy"
"2013-09-20 08:00","2013","09","20","08:00","**","14.9","","10.4","","74","","11","","10","","48.3","","100.38","","","","","","NA"
"2013-09-20 09:00","2013","09","20","09:00","**","16.0","","10.2","","68","","12","","11","","48.3","","100.37","","","","","","NA"
"2013-09-20 10:00","2013","09","20","10:00","**","17.4","","11.1","","66","","13","","10","","48.3","","100.33","","","","","","Cloudy"
"2013-09-20 11:00","2013","09","20","11:00","**","18.5","","11.2","","62","","15","","7","","48.3","","100.31","","","","","","NA"
"2013-09-20 12:00","2013","09","20","12:00","**","17.4","","12.6","","73","","29","","15","","32.2","","100.27","","","","","","NA"
"2013-09-20 13:00","2013","09","20","13:00","**","17.3","","12.9","","75","","30","","14","","32.2","","100.22","","","","","","Cloudy"
"2013-09-20 14:00","2013","09","20","14:00","**","17.7","","10.4","","62","","27","","12","","32.2","","100.19","","","","","","NA"
"2013-09-20 15:00","2013","09","20","15:00","**","17.2","","12.6","","74","","27","","14","","32.2","","100.15","","","","","","NA"
"2013-09-20 16:00","2013","09","20","16:00","**","16.7","","13.1","","79","","31","","9","","32.2","","100.11","","","","","","Cloudy"
"2013-09-20 17:00","2013","09","20","17:00","**","15.8","","13.8","","88","","29","","14","","32.2","","100.14","","","","","","NA"
"2013-09-20 18:00","2013","09","20","18:00","**","15.8","","13.8","","88","","29","","14","","32.2","","100.22","","","","","","NA"
"2013-09-20 19:00","2013","09","20","19:00","**","15.1","","14.3","","95","","36","","3","","12.9","","100.29","","","","","","Rain Showers"
"2013-09-20 20:00","2013","09","20","20:00","**","14.9","","13.1","","89","","6","","15","","19.3","","100.28","","","","","","Rain Showers"
"2013-09-20 21:00","2013","09","20","21:00","**","14.7","","13.3","","91","","9","","14","","12.9","","100.33","","","","","","Rain Showers"
"2013-09-20 22:00","2013","09","20","22:00","**","14.0","","13.1","","94","","13","","10","","9.7","","100.34","","","","","","Rain,Fog"
"2013-09-20 23:00","2013","09","20","23:00","**","14.0","","13.2","","95","","11","","10","","9.7","","100.33","","","","","","Rain,Fog"
"2013-09-21 00:00","2013","09","21","00:00","**","14.3","","13.5","","95","","8","","14","","9.7","","100.27","","","","","","Rain,Fog"
"2013-09-21 01:00","2013","09","21","01:00","**","14.0","","13.1","","94","","11","","9","","12.9","","100.30","","","","","","Cloudy"
"2013-09-21 02:00","2013","09","21","02:00","**","13.6","","13.0","","96","","11","","5","","12.9","","100.34","","","","","","Rain"
"2013-09-21 03:00","2013","09","21","03:00","**","13.9","","13.0","","94","","9","","9","","16.1","","100.33","","","","","","NA"
"2013-09-21 04:00","2013","09","21","04:00","**","13.9","","13.0","","94","","8","","9","","16.1","","100.32","","","","","","Mostly Cloudy"
"2013-09-21 05:00","2013","09","21","05:00","**","13.0","","12.4","","96","","11","","15","","16.1","","100.33","","","","","","NA"
"2013-09-21 06:00","2013","09","21","06:00","**","12.5","","11.9","","96","","11","","12","","19.3","","100.37","","","","","","NA"
"2013-09-21 07:00","2013","09","21","07:00","**","12.9","","12.3","","96","","10","","10","","19.3","","100.40","","","","","","Mostly Cloudy"
"2013-09-21 08:00","2013","09","21","08:00","**","14.1","","13.2","","94","","9","","10","","19.3","","100.43","","","","","","NA"
"2013-09-21 09:00","2013","09","21","09:00","**","14.9","","13.1","","89","","18","","4","","19.3","","100.49","","","","","","NA"
"2013-09-21 10:00","2013","09","21","10:00","**","16.0","","13.3","","84","","12","","7","","19.3","","100.49","","","","","","Mostly Cloudy"
"2013-09-21 11:00","2013","09","21","11:00","**","16.2","","13.7","","85","","24","","13","","24.1","","100.53","","","","","","NA"
"2013-09-21 12:00","2013","09","21","12:00","**","17.4","","14.0","","80","","22","","15","","24.1","","100.55","","","","","","NA"
"2013-09-21 13:00","2013","09","21","13:00","**","17.4","","13.0","","75","","18","","12","","32.2","","100.54","","","","","","Mostly Cloudy"
"2013-09-21 14:00","2013","09","21","14:00","**","18.9","","11.3","","61","","21","","8","","32.2","","100.52","","","","","","NA"
"2013-09-21 15:00","2013","09","21","15:00","**","18.1","","12.6","","70","","22","","17","","32.2","","100.50","","","","","","NA"
"2013-09-21 16:00","2013","09","21","16:00","**","17.3","","11.6","","69","","17","","10","","32.2","","100.46","","","","","","Mostly Cloudy"
"2013-09-21 17:00","2013","09","21","17:00","**","16.5","","12.3","","76","","20","","14","","32.2","","100.45","","","","","","NA"
"2013-09-21 18:00","2013","09","21","18:00","**","15.9","","11.9","","77","","15","","11","","32.2","","100.44","","","","","","NA"
"2013-09-21 19:00","2013","09","21","19:00","**","14.9","","11.3","","79","","14","","13","","24.1","","100.43","","","","","","Mostly Cloudy"
"2013-09-21 20:00","2013","09","21","20:00","**","14.6","","12.1","","85","","11","","11","","24.1","","100.44","","","","","","NA"
"2013-09-21 21:00","2013","09","21","21:00","**","14.9","","11.5","","80","","12","","12","","24.1","","100.43","","","","","","NA"
"2013-09-21 22:00","2013","09","21","22:00","**","14.7","","11.9","","83","","14","","13","","24.1","","100.41","","","","","","Rain"
"2013-09-21 23:00","2013","09","21","23:00","**","14.1","","12.2","","88","","12","","10","","19.3","","100.39","","","","","","Rain Showers"
"2013-09-22 00:00","2013","09","22","00:00","**","13.4","","12.3","","93","","10","","13","","24.1","","100.36","","","","","","Rain Showers"
"2013-09-22 01:00","2013","09","22","01:00","**","13.6","","","M","","M","9","","8","","24.1","","100.34","","","","","","Cloudy"
"2013-09-22 02:00","2013","09","22","02:00","**","13.4","","12.5","","94","","10","","15","","24.1","","100.30","","","","","","NA"
"2013-09-22 03:00","2013","09","22","03:00","**","13.3","","11.9","","91","","13","","16","","19.3","","100.29","","","","","","NA"
"2013-09-22 04:00","2013","09","22","04:00","**","13.0","","12.2","","95","","11","","15","","19.3","","100.26","","","","","","Rain Showers"
"2013-09-22 05:00","2013","09","22","05:00","**","12.8","","12.2","","96","","11","","16","","19.3","","100.22","","","","","","NA"
"2013-09-22 06:00","2013","09","22","06:00","**","12.9","","12.0","","94","","10","","14","","12.9","","100.20","","","","","","NA"
"2013-09-22 07:00","2013","09","22","07:00","**","12.8","","12.2","","96","","10","","15","","4.0","","100.15","","","","","","Rain,Fog"
"2013-09-22 08:00","2013","09","22","08:00","**","13.2","","12.6","","96","","10","","20","","4.8","","100.09","","","","","","Rain,Fog"
"2013-09-22 09:00","2013","09","22","09:00","**","13.4","","12.0","","91","","12","","26","","4.0","","100.02","","","","","","Rain,Fog"
"2013-09-22 10:00","2013","09","22","10:00","**","13.2","","11.3","","88","","13","","36","","9.7","","99.94","","","","","","Rain,Fog"
"2013-09-22 11:00","2013","09","22","11:00","**","13.2","","11.3","","88","","13","","31","","4.8","","99.92","","","","","","Moderate Rain,Fog"
"2013-09-22 12:00","2013","09","22","12:00","**","12.9","","11.2","","89","","12","","26","","6.4","","99.93","","","","","","Moderate Rain,Fog"
"2013-09-22 13:00","2013","09","22","13:00","**","13.1","","11.5","","90","","12","","26","","6.4","","99.84","","","","","","Rain,Fog"
"2013-09-22 14:00","2013","09","22","14:00","**","15.6","","12.0","","79","","16","","36","","12.9","","99.90","","","","","","NA"
"2013-09-22 15:00","2013","09","22","15:00","**","14.6","","11.8","","83","","16","","29","","12.9","","99.94","","","","","","NA"
"2013-09-22 16:00","2013","09","22","16:00","**","14.1","","11.8","","86","","17","","22","","16.1","","100.01","","","","","","Rain Showers"
"2013-09-22 17:00","2013","09","22","17:00","**","14.2","","11.6","","84","","17","","25","","19.3","","100.05","","","","","","NA"
"2013-09-22 18:00","2013","09","22","18:00","**","14.0","","11.2","","83","","18","","26","","24.1","","100.08","","","","","","NA"
"2013-09-22 19:00","2013","09","22","19:00","**","14.0","","11.2","","83","","18","","30","","19.3","","100.15","","","","","","Rain Showers"
"2013-09-22 20:00","2013","09","22","20:00","**","13.7","","11.1","","84","","18","","29","","24.1","","100.21","","","","","","NA"
"2013-09-22 21:00","2013","09","22","21:00","**","13.9","","11.1","","83","","18","","27","","24.1","","100.27","","","","","","NA"
"2013-09-22 22:00","2013","09","22","22:00","**","13.7","","11.1","","84","","18","","23","","24.1","","100.30","","","","","","Mostly Cloudy"
"2013-09-22 23:00","2013","09","22","23:00","**","13.7","","10.7","","82","","18","","31","","24.1","","100.35","","","","","","NA"
"2013-09-23 00:00","2013","09","23","00:00","**","13.4","","10.6","","83","","18","","24","","24.1","","100.40","","","","","","NA"
"2013-09-23 01:00","2013","09","23","01:00","**","13.2","","10.6","","84","","19","","18","","32.2","","100.46","","","","","","Mostly Cloudy"
"2013-09-23 02:00","2013","09","23","02:00","**","13.4","","9.9","","79","","18","","23","","24.1","","100.51","","","","","","NA"
"2013-09-23 03:00","2013","09","23","03:00","**","13.2","","9.5","","78","","18","","22","","24.1","","100.57","","","","","","NA"
"2013-09-23 04:00","2013","09","23","04:00","**","13.3","","9.6","","78","","18","","22","","24.1","","100.60","","","","","","Cloudy"
"2013-09-23 05:00","2013","09","23","05:00","**","12.6","","10.3","","86","","17","","16","","24.1","","100.67","","","","","","NA"
"2013-09-23 06:00","2013","09","23","06:00","**","12.3","","9.7","","84","","16","","14","","24.1","","100.71","","","","","","Rain Showers"
"2013-09-23 07:00","2013","09","23","07:00","**","11.9","","10.2","","89","","12","","9","","24.1","","100.78","","","","","","Cloudy"
"2013-09-23 08:00","2013","09","23","08:00","**","12.2","","9.8","","85","","12","","10","","24.1","","100.86","","","","","","Rain Showers"
"2013-09-23 09:00","2013","09","23","09:00","**","12.5","","10.4","","87","","13","","12","","24.1","","100.97","","","","","","Rain Showers"
"2013-09-23 10:00","2013","09","23","10:00","**","13.5","","11.6","","88","","17","","15","","32.2","","100.99","","","","","","Mostly Cloudy"
"2013-09-23 11:00","2013","09","23","11:00","**","14.3","","10.9","","80","","14","","9","","32.2","","101.06","","","","","","NA"
"2013-09-23 12:00","2013","09","23","12:00","**","16.6","","10.3","","66","","20","","22","","32.2","","101.06","","","","","","NA"
"2013-09-23 13:00","2013","09","23","13:00","**","16.2","","9.2","","63","","20","","18","","48.3","","101.10","","","","","","Mainly Clear"
"2013-09-23 14:00","2013","09","23","14:00","**","16.6","","9.4","","62","","19","","18","","48.3","","101.13","","","","","","NA"
"2013-09-23 15:00","2013","09","23","15:00","**","16.6","","10.1","","65","","20","","15","","48.3","","101.16","","","","","","NA"
"2013-09-23 16:00","2013","09","23","16:00","**","15.3","","10.7","","74","","20","","14","","48.3","","101.17","","","","","","Mostly Cloudy"
"2013-09-23 17:00","2013","09","23","17:00","**","14.1","","7.5","","64","","25","","9","","48.3","","101.18","","","","","","NA"
"2013-09-23 18:00","2013","09","23","18:00","**","14.4","","7.7","","64","","23","","13","","32.2","","101.21","","","","","","NA"
"2013-09-23 19:00","2013","09","23","19:00","**","13.9","","7.0","","63","","23","","6","","32.2","","101.25","","","","","","Mainly Clear"
"2013-09-23 20:00","2013","09","23","20:00","**","11.7","","9.1","","84","","11","","9","","32.2","","101.29","","","","","","NA"
"2013-09-23 21:00","2013","09","23","21:00","**","11.7","","9.5","","86","","9","","9","","32.2","","101.32","","","","","","NA"
"2013-09-23 22:00","2013","09","23","22:00","**","10.8","","8.9","","88","","11","","12","","32.2","","101.32","","","","","","Mostly Cloudy"
"2013-09-23 23:00","2013","09","23","23:00","**","11.1","","9.0","","87","","9","","15","","32.2","","101.33","","","","","","NA"
"2013-09-24 00:00","2013","09","24","00:00","**","10.7","","8.8","","88","","9","","13","","24.1","","101.32","","","","","","NA"
"2013-09-24 01:00","2013","09","24","01:00","**","10.8","","8.7","","87","","8","","15","","24.1","","101.31","","","","","","Mostly Cloudy"
"2013-09-24 02:00","2013","09","24","02:00","**","10.1","","8.6","","90","","10","","16","","24.1","","101.32","","","","","","NA"
"2013-09-24 03:00","2013","09","24","03:00","**","10.0","","8.5","","90","","9","","14","","24.1","","101.32","","","","","","NA"
"2013-09-24 04:00","2013","09","24","04:00","**","9.9","","8.5","","91","","9","","10","","24.1","","101.30","","","","","","Mostly Cloudy"
"2013-09-24 05:00","2013","09","24","05:00","**","9.6","","8.4","","92","","10","","15","","24.1","","101.28","","","","","","NA"
"2013-09-24 06:00","2013","09","24","06:00","**","10.0","","8.8","","92","","10","","13","","24.1","","101.26","","","","","","NA"
"2013-09-24 07:00","2013","09","24","07:00","**","10.7","","9.5","","92","","10","","11","","24.1","","101.26","","","","","","Cloudy"
"2013-09-24 08:00","2013","09","24","08:00","**","11.2","","9.6","","90","","11","","16","","24.1","","101.26","","","","","","Rain"
"2013-09-24 09:00","2013","09","24","09:00","**","11.8","","9.9","","88","","11","","15","","24.1","","101.26","","","","","","NA"
"2013-09-24 10:00","2013","09","24","10:00","**","12.7","","9.7","","82","","13","","10","","24.1","","101.23","","","","","","Rain Showers"
"2013-09-24 11:00","2013","09","24","11:00","**","12.4","","9.4","","82","","12","","10","","24.1","","101.21","","","","","","NA"
"2013-09-24 12:00","2013","09","24","12:00","**","13.5","","9.2","","75","","12","","9","","24.1","","101.16","","","","","","NA"
"2013-09-24 13:00","2013","09","24","13:00","**","14.6","","8.2","","65","","14","","12","","24.1","","101.12","","","","","","Cloudy"
"2013-09-24 14:00","2013","09","24","14:00","**","14.7","","9.6","","71","","24","","14","","24.1","","101.09","","","","","","NA"
"2013-09-24 15:00","2013","09","24","15:00","**","14.1","","10.0","","76","","31","","12","","24.1","","101.06","","","","","","NA"
"2013-09-24 16:00","2013","09","24","16:00","**","13.9","","9.4","","74","","31","","9","","32.2","","101.05","","","","","","Cloudy"
"2013-09-24 17:00","2013","09","24","17:00","**","13.2","","8.9","","75","","28","","9","","32.2","","101.04","","","","","","NA"
"2013-09-24 18:00","2013","09","24","18:00","**","12.7","","8.4","","75","","29","","5","","32.2","","101.03","","","","","","NA"
"2013-09-24 19:00","2013","09","24","19:00","**","12.0","","9.1","","82","","34","","5","","32.2","","101.06","","","","","","Cloudy"
"2013-09-24 20:00","2013","09","24","20:00","**","12.7","","9.9","","83","","35","","9","","24.1","","101.09","","","","","","NA"
"2013-09-24 21:00","2013","09","24","21:00","**","12.4","","9.8","","84","","35","","9","","24.1","","101.11","","","","","","Rain Showers"
"2013-09-24 22:00","2013","09","24","22:00","**","12.3","","9.5","","83","","2","","6","","24.1","","101.12","","","","","","Rain Showers"
"2013-09-24 23:00","2013","09","24","23:00","**","11.9","","9.3","","84","","32","","17","","24.1","","101.12","","","","","","NA"
"2013-09-25 00:00","2013","09","25","00:00","**","11.6","","9.5","","87","","32","","18","","19.3","","101.12","","","","","","Rain"
"2013-09-25 01:00","2013","09","25","01:00","**","11.5","","9.1","","85","","32","","25","","19.3","","101.15","","","","","","Cloudy"
"2013-09-25 02:00","2013","09","25","02:00","**","10.9","","8.8","","87","","36","","7","","19.3","","101.17","","","","","","NA"
"2013-09-25 03:00","2013","09","25","03:00","**","9.8","","8.4","","91","","34","","14","","19.3","","101.18","","","","","","NA"
"2013-09-25 04:00","2013","09","25","04:00","**","9.1","","7.9","","92","","1","","7","","24.1","","101.23","","","","","","Mainly Clear"
"2013-09-25 05:00","2013","09","25","05:00","**","8.7","","7.6","","93","","3","","7","","24.1","","101.22","","","","","","NA"
"2013-09-25 06:00","2013","09","25","06:00","**","8.3","","7.2","","93","","36","","5","","32.2","","101.30","","","","","","NA"
"2013-09-25 07:00","2013","09","25","07:00","**","9.6","","7.6","","87","","36","","6","","48.3","","101.36","","","","","","Mainly Clear"
"2013-09-25 08:00","2013","09","25","08:00","**","11.5","","8.4","","81","","32","","24","","48.3","","101.39","","","","","","NA"
"2013-09-25 09:00","2013","09","25","09:00","**","12.1","","9.5","","84","","31","","30","","48.3","","101.43","","","","","","NA"
"2013-09-25 10:00","2013","09","25","10:00","**","12.9","","9.4","","79","","31","","36","","48.3","","101.42","","","","","","Mainly Clear"
"2013-09-25 11:00","2013","09","25","11:00","**","13.4","","10.1","","80","","30","","36","","48.3","","101.42","","","","","","NA"
"2013-09-25 12:00","2013","09","25","12:00","**","13.8","","10.1","","78","","30","","33","","48.3","","101.40","","","","","","NA"
"2013-09-25 13:00","2013","09","25","13:00","**","14.3","","10.8","","79","","30","","30","","48.3","","101.39","","","","","","Mainly Clear"
"2013-09-25 14:00","2013","09","25","14:00","**","14.6","","10.9","","78","","29","","33","","48.3","","101.38","","","","","","NA"
"2013-09-25 15:00","2013","09","25","15:00","**","15.0","","10.5","","74","","30","","31","","48.3","","101.38","","","","","","NA"
"2013-09-25 16:00","2013","09","25","16:00","**","15.0","","11.2","","78","","31","","21","","48.3","","101.35","","","","","","Mainly Clear"
"2013-09-25 17:00","2013","09","25","17:00","**","14.5","","11.1","","80","","30","","18","","48.3","","101.38","","","","","","NA"
"2013-09-25 18:00","2013","09","25","18:00","**","13.4","","10.8","","84","","33","","14","","48.3","","101.39","","","","","","NA"
"2013-09-25 19:00","2013","09","25","19:00","**","13.4","","10.8","","84","","31","","19","","48.3","","101.38","","","","","","Mainly Clear"
"2013-09-25 20:00","2013","09","25","20:00","**","12.9","","10.5","","85","","36","","9","","48.3","","101.45","","","","","","NA"
"2013-09-25 21:00","2013","09","25","21:00","**","12.2","","9.2","","82","","6","","9","","48.3","","101.50","","","","","","NA"
"2013-09-25 22:00","2013","09","25","22:00","**","11.1","","9.2","","88","","4","","10","","48.3","","101.55","","","","","","Mainly Clear"
"2013-09-25 23:00","2013","09","25","23:00","**","11.5","","9.1","","85","","5","","12","","48.3","","101.60","","","","","","NA"
"2013-09-26 00:00","2013","09","26","00:00","**","10.7","","8.5","","86","","5","","8","","48.3","","101.61","","","","","","NA"
"2013-09-26 01:00","2013","09","26","01:00","**","9.9","","7.9","","87","","11","","10","","48.3","","101.63","","","","","","Mainly Clear"
"2013-09-26 02:00","2013","09","26","02:00","**","9.4","","7.4","","87","","11","","5","","48.3","","101.69","","","","","","NA"
"2013-09-26 03:00","2013","09","26","03:00","**","7.6","","7.0","","96","","1","","5","","48.3","","101.75","","","","","","NA"
"2013-09-26 04:00","2013","09","26","04:00","**","7.8","","7.1","","95","","2","","9","","48.3","","101.77","","","","","","Mainly Clear"
"2013-09-26 05:00","2013","09","26","05:00","**","8.4","","7.2","","92","","36","","5","","48.3","","101.80","","","","","","NA"
"2013-09-26 06:00","2013","09","26","06:00","**","9.2","","7.5","","89","","8","","3","","48.3","","101.82","","","","","","NA"
"2013-09-26 07:00","2013","09","26","07:00","**","10.0","","8.1","","88","","21","","3","","48.3","","101.87","","","","","","Mainly Clear"
"2013-09-26 08:00","2013","09","26","08:00","**","11.4","","8.5","","82","","1","","3","","48.3","","101.91","","","","","","NA"
"2013-09-26 09:00","2013","09","26","09:00","**","12.8","","9.3","","79","","25","","7","","48.3","","101.93","","","","","","NA"
"2013-09-26 10:00","2013","09","26","10:00","**","13.9","","8.6","","70","","31","","12","","48.3","","101.95","","","","","","Mainly Clear"
"2013-09-26 11:00","2013","09","26","11:00","**","14.4","","11.0","","80","","30","","14","","48.3","","101.92","","","","","","NA"
"2013-09-26 12:00","2013","09","26","12:00","**","14.3","","10.4","","77","","28","","18","","32.2","","101.92","","","","","","NA"
"2013-09-26 13:00","2013","09","26","13:00","**","14.5","","10.6","","77","","29","","19","","48.3","","101.92","","","","","","Mainly Clear"
"2013-09-26 14:00","2013","09","26","14:00","**","14.9","","9.5","","70","","27","","8","","48.3","","101.84","","","","","","NA"
"2013-09-26 15:00","2013","09","26","15:00","**","14.8","","10.9","","77","","27","","12","","48.3","","101.81","","","","","","NA"
"2013-09-26 16:00","2013","09","26","16:00","**","14.5","","11.3","","81","","26","","12","","48.3","","101.82","","","","","","Mainly Clear"
"2013-09-26 17:00","2013","09","26","17:00","**","","","","","","","","","","","","","","","","","","",""
"2013-09-26 18:00","2013","09","26","18:00","**","","","","","","","","","","","","","","","","","","",""
"2013-09-26 19:00","2013","09","26","19:00","**","","","","","","","","","","","","","","","","","","",""
"2013-09-26 20:00","2013","09","26","20:00","**","","","","","","","","","","","","","","","","","","",""
"2013-09-26 21:00","2013","09","26","21:00","**","","","","","","","","","","","","","","","","","","",""
"2013-09-26 22:00","2013","09","26","22:00","**","","","","","","","","","","","","","","","","","","",""
"2013-09-26 23:00","2013","09","26","23:00","**","","","","","","","","","","","","","","","","","","",""
"2013-09-27 00:00","2013","09","27","00:00","**","","","","","","","","","","","","","","","","","","",""
"2013-09-27 01:00","2013","09","27","01:00","**","","","","","","","","","","","","","","","","","","",""
"2013-09-27 02:00","2013","09","27","02:00","**","","","","","","","","","","","","","","","","","","",""
"2013-09-27 03:00","2013","09","27","03:00","**","","","","","","","","","","","","","","","","","","",""
"2013-09-27 04:00","2013","09","27","04:00","**","","","","","","","","","","","","","","","","","","",""
"2013-09-27 05:00","2013","09","27","05:00","**","","","","","","","","","","","","","","","","","","",""
"2013-09-27 06:00","2013","09","27","06:00","**","","","","","","","","","","","","","","","","","","",""
"2013-09-27 07:00","2013","09","27","07:00","**","","","","","","","","","","","","","","","","","","",""
"2013-09-27 08:00","2013","09","27","08:00","**","","","","","","","","","","","","","","","","","","",""
"2013-09-27 09:00","2013","09","27","09:00","**","","","","","","","","","","","","","","","","","","",""
"2013-09-27 10:00","2013","09","27","10:00","**","","","","","","","","","","","","","","","","","","",""
"2013-09-27 11:00","2013","09","27","11:00","**","","","","","","","","","","","","","","","","","","",""
"2013-09-27 12:00","2013","09","27","12:00","**","","","","","","","","","","","","","","","","","","",""
"2013-09-27 13:00","2013","09","27","13:00","**","","","","","","","","","","","","","","","","","","",""
"2013-09-27 14:00","2013","09","27","14:00","**","","","","","","","","","","","","","","","","","","",""
"2013-09-27 15:00","2013","09","27","15:00","**","","","","","","","","","","","","","","","","","","",""
"2013-09-27 16:00","2013","09","27","16:00","**","","","","","","","","","","","","","","","","","","",""
"2013-09-27 17:00","2013","09","27","17:00","**","","","","","","","","","","","","","","","","","","",""
"2013-09-27 18:00","2013","09","27","18:00","**","","","","","","","","","","","","","","","","","","",""
"2013-09-27 19:00","2013","09","27","19:00","**","","","","","","","","","","","","","","","","","","",""
"2013-09-27 20:00","2013","09","27","20:00","**","","","","","","","","","","","","","","","","","","",""
"2013-09-27 21:00","2013","09","27","21:00","**","","","","","","","","","","","","","","","","","","",""
"2013-09-27 22:00","2013","09","27","22:00","**","","","","","","","","","","","","","","","","","","",""
"2013-09-27 23:00","2013","09","27","23:00","**","","","","","","","","","","","","","","","","","","",""
"2013-09-28 00:00","2013","09","28","00:00","**","","","","","","","","","","","","","","","","","","",""
"2013-09-28 01:00","2013","09","28","01:00","**","","","","","","","","","","","","","","","","","","",""
"2013-09-28 02:00","2013","09","28","02:00","**","","","","","","","","","","","","","","","","","","",""
"2013-09-28 03:00","2013","09","28","03:00","**","","","","","","","","","","","","","","","","","","",""
"2013-09-28 04:00","2013","09","28","04:00","**","","","","","","","","","","","","","","","","","","",""
"2013-09-28 05:00","2013","09","28","05:00","**","","","","","","","","","","","","","","","","","","",""
"2013-09-28 06:00","2013","09","28","06:00","**","","","","","","","","","","","","","","","","","","",""
"2013-09-28 07:00","2013","09","28","07:00","**","","","","","","","","","","","","","","","","","","",""
"2013-09-28 08:00","2013","09","28","08:00","**","","","","","","","","","","","","","","","","","","",""
"2013-09-28 09:00","2013","09","28","09:00","**","","","","","","","","","","","","","","","","","","",""
"2013-09-28 10:00","2013","09","28","10:00","**","","","","","","","","","","","","","","","","","","",""
"2013-09-28 11:00","2013","09","28","11:00","**","","","","","","","","","","","","","","","","","","",""
"2013-09-28 12:00","2013","09","28","12:00","**","","","","","","","","","","","","","","","","","","",""
"2013-09-28 13:00","2013","09","28","13:00","**","","","","","","","","","","","","","","","","","","",""
"2013-09-28 14:00","2013","09","28","14:00","**","","","","","","","","","","","","","","","","","","",""
"2013-09-28 15:00","2013","09","28","15:00","**","","","","","","","","","","","","","","","","","","",""
"2013-09-28 16:00","2013","09","28","16:00","**","","","","","","","","","","","","","","","","","","",""
"2013-09-28 17:00","2013","09","28","17:00","**","","","","","","","","","","","","","","","","","","",""
"2013-09-28 18:00","2013","09","28","18:00","**","","","","","","","","","","","","","","","","","","",""
"2013-09-28 19:00","2013","09","28","19:00","**","","","","","","","","","","","","","","","","","","",""
"2013-09-28 20:00","2013","09","28","20:00","**","","","","","","","","","","","","","","","","","","",""
"2013-09-28 21:00","2013","09","28","21:00","**","","","","","","","","","","","","","","","","","","",""
"2013-09-28 22:00","2013","09","28","22:00","**","","","","","","","","","","","","","","","","","","",""
"2013-09-28 23:00","2013","09","28","23:00","**","","","","","","","","","","","","","","","","","","",""
"2013-09-29 00:00","2013","09","29","00:00","**","","","","","","","","","","","","","","","","","","",""
"2013-09-29 01:00","2013","09","29","01:00","**","","","","","","","","","","","","","","","","","","",""
"2013-09-29 02:00","2013","09","29","02:00","**","","","","","","","","","","","","","","","","","","",""
"2013-09-29 03:00","2013","09","29","03:00","**","","","","","","","","","","","","","","","","","","",""
"2013-09-29 04:00","2013","09","29","04:00","**","","","","","","","","","","","","","","","","","","",""
"2013-09-29 05:00","2013","09","29","05:00","**","","","","","","","","","","","","","","","","","","",""
"2013-09-29 06:00","2013","09","29","06:00","**","","","","","","","","","","","","","","","","","","",""
"2013-09-29 07:00","2013","09","29","07:00","**","","","","","","","","","","","","","","","","","","",""
"2013-09-29 08:00","2013","09","29","08:00","**","","","","","","","","","","","","","","","","","","",""
"2013-09-29 09:00","2013","09","29","09:00","**","","","","","","","","","","","","","","","","","","",""
"2013-09-29 10:00","2013","09","29","10:00","**","","","","","","","","","","","","","","","","","","",""
"2013-09-29 11:00","2013","09","29","11:00","**","","","","","","","","","","","","","","","","","","",""
"2013-09-29 12:00","2013","09","29","12:00","**","","","","","","","","","","","","","","","","","","",""
"2013-09-29 13:00","2013","09","29","13:00","**","","","","","","","","","","","","","","","","","","",""
"2013-09-29 14:00","2013","09","29","14:00","**","","","","","","","","","","","","","","","","","","",""
"2013-09-29 15:00","2013","09","29","15:00","**","","","","","","","","","","","","","","","","","","",""
"2013-09-29 16:00","2013","09","29","16:00","**","","","","","","","","","","","","","","","","","","",""
"2013-09-29 17:00","2013","09","29","17:00","**","","","","","","","","","","","","","","","","","","",""
"2013-09-29 18:00","2013","09","29","18:00","**","","","","","","","","","","","","","","","","","","",""
"2013-09-29 19:00","2013","09","29","19:00","**","","","","","","","","","","","","","","","","","","",""
"2013-09-29 20:00","2013","09","29","20:00","**","","","","","","","","","","","","","","","","","","",""
"2013-09-29 21:00","2013","09","29","21:00","**","","","","","","","","","","","","","","","","","","",""
"2013-09-29 22:00","2013","09","29","22:00","**","","","","","","","","","","","","","","","","","","",""
"2013-09-29 23:00","2013","09","29","23:00","**","","","","","","","","","","","","","","","","","","",""
"2013-09-30 00:00","2013","09","30","00:00","**","","","","","","","","","","","","","","","","","","",""
"2013-09-30 01:00","2013","09","30","01:00","**","","","","","","","","","","","","","","","","","","",""
"2013-09-30 02:00","2013","09","30","02:00","**","","","","","","","","","","","","","","","","","","",""
"2013-09-30 03:00","2013","09","30","03:00","**","","","","","","","","","","","","","","","","","","",""
"2013-09-30 04:00","2013","09","30","04:00","**","","","","","","","","","","","","","","","","","","",""
"2013-09-30 05:00","2013","09","30","05:00","**","","","","","","","","","","","","","","","","","","",""
"2013-09-30 06:00","2013","09","30","06:00","**","","","","","","","","","","","","","","","","","","",""
"2013-09-30 07:00","2013","09","30","07:00","**","","","","","","","","","","","","","","","","","","",""
"2013-09-30 08:00","2013","09","30","08:00","**","","","","","","","","","","","","","","","","","","",""
"2013-09-30 09:00","2013","09","30","09:00","**","","","","","","","","","","","","","","","","","","",""
"2013-09-30 10:00","2013","09","30","10:00","**","","","","","","","","","","","","","","","","","","",""
"2013-09-30 11:00","2013","09","30","11:00","**","","","","","","","","","","","","","","","","","","",""
"2013-09-30 12:00","2013","09","30","12:00","**","","","","","","","","","","","","","","","","","","",""
"2013-09-30 13:00","2013","09","30","13:00","**","","","","","","","","","","","","","","","","","","",""
"2013-09-30 14:00","2013","09","30","14:00","**","","","","","","","","","","","","","","","","","","",""
"2013-09-30 15:00","2013","09","30","15:00","**","","","","","","","","","","","","","","","","","","",""
"2013-09-30 16:00","2013","09","30","16:00","**","","","","","","","","","","","","","","","","","","",""
"2013-09-30 17:00","2013","09","30","17:00","**","","","","","","","","","","","","","","","","","","",""
"2013-09-30 18:00","2013","09","30","18:00","**","","","","","","","","","","","","","","","","","","",""
"2013-09-30 19:00","2013","09","30","19:00","**","","","","","","","","","","","","","","","","","","",""
"2013-09-30 20:00","2013","09","30","20:00","**","","","","","","","","","","","","","","","","","","",""
"2013-09-30 21:00","2013","09","30","21:00","**","","","","","","","","","","","","","","","","","","",""
"2013-09-30 22:00","2013","09","30","22:00","**","","","","","","","","","","","","","","","","","","",""
"2013-09-30 23:00","2013","09","30","23:00","**","","","","","","","","","","","","","","","","","","",""
